RecipientName,climate_funding,climate finance (including nature),environment_funding,mitigation_funding,adaptation_funding,effective_funding
Afghanistan,0.0,0.0,0.0,0.0,0.0,0.0
Afghanistan,0.0,0.591128,0.591128,0.0,0.0,0.591128
Afghanistan,0.0,2.7991900000000003,2.7991900000000003,0.0,0.0,2.7991900000000003
Afghanistan,0.0,29.0277075,29.0277075,0.0,0.0,29.0277075
Afghanistan,0.0,73.48563909100001,73.48563909100001,0.0,0.0,73.48563909100001
Afghanistan,0.005148,0.005148,0.0,0.005148,0.0,0.005148
Afghanistan,0.488077,0.488077,0.0,0.488077,0.0,0.488077
Afghanistan,10.20528775,10.20528775,0.0,10.20528775,0.0,10.20528775
Afghanistan,25.2840558,25.2840558,0.0,25.2840558,0.0,25.2840558
Afghanistan,36.4808572,36.4808572,0.0,36.4808572,0.0,36.4808572
Afghanistan,113.16573979999998,113.16573979999998,0.0,0.0,113.16573979999998,113.16573979999998
Albania,0.0,2.034616882,2.034616882,0.0,0.0,2.034616882
Albania,0.0,3.3872517499999995,3.3872517499999995,0.0,0.0,3.3872517499999995
Albania,0.0,11.049395212999999,11.049395212999999,0.0,0.0,11.049395212999999
Albania,0.0,12.8825941,12.8825941,0.0,0.0,12.8825941
Albania,0.0293272,0.0293272,0.0,0.0293272,0.0,0.0293272
Albania,0.0653760999999999,0.0653760999999999,0.0,0.0653760999999999,0.0,0.0653760999999999
Albania,0.0794718,0.0794718,0.0,0.0794718,0.0,0.0794718
Albania,1.17099132,1.17099132,0.0,0.0,1.17099132,1.17099132
Albania,1.8715533199999999,1.8715533199999999,0.0,1.8715533199999999,0.0,1.8715533199999999
Albania,4.9234436399999995,4.9234436399999995,0.0,4.9234436399999995,0.0,4.9234436399999995
Albania,5.764672,5.764672,0.0,5.764672,0.0,5.764672
Algeria,0.0,0.00676361,0.00676361,0.0,0.0,0.00676361
Algeria,0.0,0.214094,0.214094,0.0,0.0,0.214094
Algeria,0.0,6.1064281099999995,6.1064281099999995,0.0,0.0,6.1064281099999995
Algeria,0.0,6.275717480000001,6.275717480000001,0.0,0.0,6.275717480000001
Algeria,0.0007901939999999,0.0007901939999999,0.0,0.0007901939999999,0.0,0.0007901939999999
Algeria,0.00338181,0.00338181,0.0,0.00338181,0.0,0.00338181
Algeria,0.0368297,0.0368297,0.0,0.0368297,0.0,0.0368297
Algeria,0.058122499999999994,0.058122499999999994,0.0,0.058122499999999994,0.0,0.058122499999999994
Algeria,0.28408043,0.28408043,0.0,0.28408043,0.0,0.28408043
Algeria,6.258238800000001,6.258238800000001,0.0,0.0,6.258238800000001,6.258238800000001
Angola,0.0,0.561967,0.561967,0.0,0.0,0.561967
Angola,0.0,0.6955626899999998,0.6955626899999998,0.0,0.0,0.6955626899999998
Angola,0.0,1.1115681,1.1115681,0.0,0.0,1.1115681
Angola,0.00968492,0.00968492,0.0,0.00968492,0.0,0.00968492
Angola,0.31765979999999994,0.31765979999999994,0.0,0.31765979999999994,0.0,0.31765979999999994
Angola,1.34156162,1.34156162,0.0,1.34156162,0.0,1.34156162
Angola,2.931962402799999,2.931962402799999,0.0,0.0,2.931962402799999,2.931962402799999
Antigua and Barbuda,0.0,0.0,0.0,0.0,0.0,0.0
Antigua and Barbuda,0.0,0.0902927,0.0902927,0.0,0.0,0.0902927
Antigua and Barbuda,0.0,0.2064619999999996,0.2064619999999996,0.0,0.0,0.2064619999999996
Antigua and Barbuda,1.248519,1.248519,0.0,1.248519,0.0,1.248519
Antigua and Barbuda,9.738228750000001,9.738228750000001,0.0,9.738228750000001,0.0,9.738228750000001
Argentina,0.0,0.75238321,0.75238321,0.0,0.0,0.75238321
Argentina,0.0,1.2911308799999999,1.2911308799999999,0.0,0.0,1.2911308799999999
Argentina,0.0,3.9147441399999994,3.9147441399999994,0.0,0.0,3.9147441399999994
Argentina,0.0,4.632780557999999,4.632780557999999,0.0,0.0,4.632780557999999
Argentina,0.033941,0.033941,0.0,0.033941,0.0,0.033941
Argentina,0.0924053,0.0924053,0.0,0.0924053,0.0,0.0924053
Argentina,0.1364117,0.1364117,0.0,0.1364117,0.0,0.1364117
Argentina,0.1424572699999998,0.1424572699999998,0.0,0.1424572699999998,0.0,0.1424572699999998
Argentina,0.34474744,0.34474744,0.0,0.34474744,0.0,0.34474744
Argentina,0.38406,0.38406,0.0,0.38406,0.0,0.38406
Argentina,4.072414801999999,4.072414801999999,0.0,0.0,4.072414801999999,4.072414801999999
Armenia,0.0,0.7133505,0.7133505,0.0,0.0,0.7133505
Armenia,0.0,0.7941623199999998,0.7941623199999998,0.0,0.0,0.7941623199999998
Armenia,0.0,19.751234540000002,19.751234540000002,0.0,0.0,19.751234540000002
Armenia,0.0,50.50940183000001,50.50940183000001,0.0,0.0,50.50940183000001
Armenia,0.0182472,0.0182472,0.0,0.0182472,0.0,0.0182472
Armenia,0.27694865999999996,0.27694865999999996,0.0,0.27694865999999996,0.0,0.27694865999999996
Armenia,0.492537,0.492537,0.0,0.492537,0.0,0.492537
Armenia,1.3214651999999998,1.3214651999999998,0.0,0.0,1.3214651999999998,1.3214651999999998
Armenia,30.880309999999998,30.880309999999998,0.0,30.880309999999998,0.0,30.880309999999998
Armenia,37.5445048,37.5445048,0.0,37.5445048,0.0,37.5445048
Armenia,48.32575663000001,48.32575663000001,0.0,48.32575663000001,0.0,48.32575663000001
Azerbaijan,0.0,0.0857761999999998,0.0857761999999998,0.0,0.0,0.0857761999999998
Azerbaijan,0.0,0.09343699999999999,0.09343699999999999,0.0,0.0,0.09343699999999999
Azerbaijan,0.0,0.1137638,0.1137638,0.0,0.0,0.1137638
Azerbaijan,0.0,0.5222,0.5222,0.0,0.0,0.5222
Azerbaijan,0.00483033,0.00483033,0.0,0.00483033,0.0,0.00483033
Azerbaijan,3.5267094,3.5267094,0.0,0.0,3.5267094,3.5267094
Bangladesh,0.0,0.0,0.0,0.0,0.0,0.0
Bangladesh,0.0,3.760333598,3.760333598,0.0,0.0,3.760333598
Bangladesh,0.0,16.22016113,16.22016113,0.0,0.0,16.22016113
Bangladesh,0.0,35.63239783,35.63239783,0.0,0.0,35.63239783
Bangladesh,0.0,83.647220245,83.647220245,0.0,0.0,83.647220245
Bangladesh,0.0113301,0.0113301,0.0,0.0113301,0.0,0.0113301
Bangladesh,5.4730799999999995,5.4730799999999995,0.0,5.4730799999999995,0.0,5.4730799999999995
Bangladesh,10.1198169,10.1198169,0.0,10.1198169,0.0,10.1198169
Bangladesh,10.99871686,10.99871686,0.0,10.99871686,0.0,10.99871686
Bangladesh,41.588516979999994,41.588516979999994,0.0,41.588516979999994,0.0,41.588516979999994
Bangladesh,210.6865387418,210.6865387418,0.0,0.0,210.6865387418,210.6865387418
Bangladesh,298.41445840000006,298.41445840000006,0.0,298.41445840000006,0.0,298.41445840000006
Belarus,0.0,0.07253789,0.07253789,0.0,0.0,0.07253789
Belarus,0.0,0.2983166449999996,0.2983166449999996,0.0,0.0,0.2983166449999996
Belarus,0.0,1.700864984,1.700864984,0.0,0.0,1.700864984
Belarus,0.0,2.5927084249999997,2.5927084249999997,0.0,0.0,2.5927084249999997
Belarus,0.000951012,0.000951012,0.0,0.000951012,0.0,0.000951012
Belarus,0.00651222,0.00651222,0.0,0.00651222,0.0,0.00651222
Belarus,0.0824642499999999,0.0824642499999999,0.0,0.0,0.0824642499999999,0.0824642499999999
Belarus,0.21077114000000002,0.21077114000000002,0.0,0.21077114000000002,0.0,0.21077114000000002
Belarus,0.51733088,0.51733088,0.0,0.51733088,0.0,0.51733088
Belarus,0.92712389,0.92712389,0.0,0.92712389,0.0,0.92712389
Belize,0.0,0.008753,0.008753,0.0,0.0,0.008753
Belize,0.0,0.18499166999999972,0.18499166999999972,0.0,0.0,0.18499166999999972
Belize,0.0,0.3262198999999999,0.3262198999999999,0.0,0.0,0.3262198999999999
Belize,0.0,0.47078277,0.47078277,0.0,0.0,0.47078277
Belize,0.15209340000000002,0.15209340000000002,0.0,0.15209340000000002,0.0,0.15209340000000002
Belize,0.6454880000000001,0.6454880000000001,0.0,0.6454880000000001,0.0,0.6454880000000001
Belize,0.7175140599999996,0.7175140599999996,0.0,0.0,0.7175140599999996,0.7175140599999996
Belize,1.7768970599999998,1.7768970599999998,0.0,1.7768970599999998,0.0,1.7768970599999998
Benin,0.0,0.0,0.0,0.0,0.0,0.0
Benin,0.0,7.783164901989999,7.783164901989999,0.0,0.0,7.783164901989999
Benin,0.0,8.337958270000001,8.337958270000001,0.0,0.0,8.337958270000001
Benin,0.0,11.584139079999998,11.584139079999998,0.0,0.0,11.584139079999998
Benin,0.01250911,0.01250911,0.0,0.01250911,0.0,0.01250911
Benin,0.1199307,0.1199307,0.0,0.1199307,0.0,0.1199307
Benin,0.8218852999999998,0.8218852999999998,0.0,0.8218852999999998,0.0,0.8218852999999998
Benin,3.1786877,3.1786877,0.0,3.1786877,0.0,3.1786877
Benin,3.5002443000000003,3.5002443000000003,0.0,3.5002443000000003,0.0,3.5002443000000003
Benin,13.759524509999999,13.759524509999999,0.0,0.0,13.759524509999999,13.759524509999999
Benin,14.802368419999999,14.802368419999999,0.0,14.802368419999999,0.0,14.802368419999999
Bhutan,0.0,0.00436411,0.00436411,0.0,0.0,0.00436411
Bhutan,0.0,0.3207315,0.3207315,0.0,0.0,0.3207315
Bhutan,0.0,1.4465704899999996,1.4465704899999996,0.0,0.0,1.4465704899999996
Bhutan,0.0,1.5732918699999996,1.5732918699999996,0.0,0.0,1.5732918699999996
Bhutan,0.0144487,0.0144487,0.0,0.0144487,0.0,0.0144487
Bhutan,0.09264476669999999,0.09264476669999999,0.0,0.09264476669999999,0.0,0.09264476669999999
Bhutan,0.667254,0.667254,0.0,0.667254,0.0,0.667254
Bhutan,1.5249873699999996,1.5249873699999996,0.0,0.0,1.5249873699999996,1.5249873699999996
Bhutan,1.822239,1.822239,0.0,1.822239,0.0,1.822239
Bolivia,0.0,0.63203842,0.63203842,0.0,0.0,0.63203842
Bolivia,0.0,1.0212994629999992,1.0212994629999992,0.0,0.0,1.0212994629999992
Bolivia,0.0,24.727513839,24.727513839,0.0,0.0,24.727513839
Bolivia,0.0,64.16221518299999,64.16221518299999,0.0,0.0,64.16221518299999
Bolivia,0.0442331,0.0442331,0.0,0.0442331,0.0,0.0442331
Bolivia,0.16883489999999998,0.16883489999999998,0.0,0.16883489999999998,0.0,0.16883489999999998
Bolivia,0.4023767499999999,0.4023767499999999,0.0,0.4023767499999999,0.0,0.4023767499999999
Bolivia,1.51470388,1.51470388,0.0,1.51470388,0.0,1.51470388
Bolivia,2.730552,2.730552,0.0,2.730552,0.0,2.730552
Bolivia,7.6040601699999995,7.6040601699999995,0.0,7.6040601699999995,0.0,7.6040601699999995
Bolivia,37.0588511,37.0588511,0.0,37.0588511,0.0,37.0588511
Bolivia,41.765144596999995,41.765144596999995,0.0,41.765144596999995,0.0,41.765144596999995
Bolivia,63.523684247399984,63.523684247399984,0.0,0.0,63.523684247399984,63.523684247399984
Bosnia and Herzegovina,0.0,0.0,0.0,0.0,0.0,0.0
Bosnia and Herzegovina,0.0,0.46674376599999995,0.46674376599999995,0.0,0.0,0.46674376599999995
Bosnia and Herzegovina,0.0,1.7248283999999998,1.7248283999999998,0.0,0.0,1.7248283999999998
Bosnia and Herzegovina,0.0,22.9318959,22.9318959,0.0,0.0,22.9318959
Bosnia and Herzegovina,0.4160241,0.4160241,0.0,0.4160241,0.0,0.4160241
Bosnia and Herzegovina,0.47574278000000003,0.47574278000000003,0.0,0.47574278000000003,0.0,0.47574278000000003
Bosnia and Herzegovina,0.8445984,0.8445984,0.0,0.8445984,0.0,0.8445984
Bosnia and Herzegovina,1.1380778499999997,1.1380778499999997,0.0,1.1380778499999997,0.0,1.1380778499999997
Bosnia and Herzegovina,2.95550292,2.95550292,0.0,0.0,2.95550292,2.95550292
Bosnia and Herzegovina,9.09127095,9.09127095,0.0,9.09127095,0.0,9.09127095
Bosnia and Herzegovina,10.778721,10.778721,0.0,10.778721,0.0,10.778721
Bosnia and Herzegovina,13.1352661,13.1352661,0.0,13.1352661,0.0,13.1352661
Bosnia and Herzegovina,80.2493436,80.2493436,0.0,80.2493436,0.0,80.2493436
Botswana,0.0,0.022916810000000003,0.022916810000000003,0.0,0.0,0.022916810000000003
Botswana,0.0,0.041089999999999995,0.041089999999999995,0.0,0.0,0.041089999999999995
Botswana,0.0,0.100545,0.100545,0.0,0.0,0.100545
Botswana,0.0,0.1269389999999999,0.1269389999999999,0.0,0.0,0.1269389999999999
Botswana,0.03531802,0.03531802,0.0,0.03531802,0.0,0.03531802
Botswana,0.09901259999999971,0.09901259999999971,0.0,0.09901259999999971,0.0,0.09901259999999971
Botswana,0.11672759999999989,0.11672759999999989,0.0,0.0,0.11672759999999989,0.11672759999999989
Botswana,0.170031,0.170031,0.0,0.170031,0.0,0.170031
Brazil,0.0,57.225176367,57.225176367,0.0,0.0,57.225176367
Brazil,0.0,57.91196860699998,57.91196860699998,0.0,0.0,57.91196860699998
Brazil,0.0,131.09836013400002,131.09836013400002,0.0,0.0,131.09836013400002
Brazil,0.0,214.37217702600003,214.37217702600003,0.0,0.0,214.37217702600003
Brazil,0.00676361,0.00676361,0.0,0.00676361,0.0,0.00676361
Brazil,0.0149433999999999,0.0149433999999999,0.0,0.0149433999999999,0.0,0.0149433999999999
Brazil,12.89435851,12.89435851,0.0,12.89435851,0.0,12.89435851
Brazil,15.984822249999997,15.984822249999997,0.0,15.984822249999997,0.0,15.984822249999997
Brazil,17.64856417,17.64856417,0.0,17.64856417,0.0,17.64856417
Brazil,24.019664771,24.019664771,0.0,0.0,24.019664771,24.019664771
Brazil,29.285866199999997,29.285866199999997,0.0,29.285866199999997,0.0,29.285866199999997
Brazil,153.21462482,153.21462482,0.0,153.21462482,0.0,153.21462482
Brazil,315.51976105,315.51976105,0.0,315.51976105,0.0,315.51976105
Burkina Faso,0.0,0.4421401199999999,0.4421401199999999,0.0,0.0,0.4421401199999999
Burkina Faso,0.0,3.1045711199999997,3.1045711199999997,0.0,0.0,3.1045711199999997
Burkina Faso,0.0,8.47167282,8.47167282,0.0,0.0,8.47167282
Burkina Faso,0.0,100.45167204699999,100.45167204699999,0.0,0.0,100.45167204699999
Burkina Faso,0.0272642999999999,0.0272642999999999,0.0,0.0272642999999999,0.0,0.0272642999999999
Burkina Faso,0.2998236499999998,0.2998236499999998,0.0,0.2998236499999998,0.0,0.2998236499999998
Burkina Faso,1.438748,1.438748,0.0,1.438748,0.0,1.438748
Burkina Faso,35.599467366673004,35.599467366673004,0.0,0.0,35.599467366673004,35.599467366673004
Burkina Faso,37.281554994,37.281554994,0.0,37.281554994,0.0,37.281554994
Burkina Faso,48.56711447600001,48.56711447600001,0.0,48.56711447600001,0.0,48.56711447600001
Burundi,0.0,0.061137560999999806,0.061137560999999806,0.0,0.0,0.061137560999999806
Burundi,0.0,0.11163,0.11163,0.0,0.0,0.11163
Burundi,0.0,3.32647908,3.32647908,0.0,0.0,3.32647908
Burundi,0.0,9.00963532,9.00963532,0.0,0.0,9.00963532
Burundi,0.00813999,0.00813999,0.0,0.00813999,0.0,0.00813999
Burundi,0.0133562999999999,0.0133562999999999,0.0,0.0133562999999999,0.0,0.0133562999999999
Burundi,0.10191349999999999,0.10191349999999999,0.0,0.10191349999999999,0.0,0.10191349999999999
Burundi,0.16434796000000002,0.16434796000000002,0.0,0.16434796000000002,0.0,0.16434796000000002
Burundi,1.0353389999999996,1.0353389999999996,0.0,1.0353389999999996,0.0,1.0353389999999996
Burundi,16.014157599999997,16.014157599999997,0.0,0.0,16.014157599999997,16.014157599999997
Cabo Verde,0.0,0.0077091,0.0077091,0.0,0.0,0.0077091
Cabo Verde,0.0,0.6290957799999994,0.6290957799999994,0.0,0.0,0.6290957799999994
Cabo Verde,0.0,1.10018752,1.10018752,0.0,0.0,1.10018752
Cabo Verde,0.0,1.4565147099999995,1.4565147099999995,0.0,0.0,1.4565147099999995
Cabo Verde,0.2894929999999999,0.2894929999999999,0.0,0.2894929999999999,0.0,0.2894929999999999
Cabo Verde,2.0531498999999998,2.0531498999999998,0.0,2.0531498999999998,0.0,2.0531498999999998
Cabo Verde,2.1670666499999998,2.1670666499999998,0.0,0.0,2.1670666499999998,2.1670666499999998
Cabo Verde,25.271029889999998,25.271029889999998,0.0,25.271029889999998,0.0,25.271029889999998
Cambodia,0.0,4.348490252999999,4.348490252999999,0.0,0.0,4.348490252999999
Cambodia,0.0,11.681105550000002,11.681105550000002,0.0,0.0,11.681105550000002
Cambodia,0.0,12.768876725999998,12.768876725999998,0.0,0.0,12.768876725999998
Cambodia,0.0,77.278869856,77.278869856,0.0,0.0,77.278869856
Cambodia,0.0373601,0.0373601,0.0,0.0373601,0.0,0.0373601
Cambodia,0.1407642736999999,0.1407642736999999,0.0,0.1407642736999999,0.0,0.1407642736999999
Cambodia,0.36694099999999996,0.36694099999999996,0.0,0.36694099999999996,0.0,0.36694099999999996
Cambodia,1.019008,1.019008,0.0,1.019008,0.0,1.019008
Cambodia,1.097899,1.097899,0.0,1.097899,0.0,1.097899
Cambodia,11.7193784,11.7193784,0.0,11.7193784,0.0,11.7193784
Cambodia,38.537671010000004,38.537671010000004,0.0,0.0,38.537671010000004,38.537671010000004
Cameroon,0.0,0.0,0.0,0.0,0.0,0.0
Cameroon,0.0,2.5503962999999996,2.5503962999999996,0.0,0.0,2.5503962999999996
Cameroon,0.0,4.59900303,4.59900303,0.0,0.0,4.59900303
Cameroon,0.0,15.026882140000001,15.026882140000001,0.0,0.0,15.026882140000001
Cameroon,0.0,64.28109044,64.28109044,0.0,0.0,64.28109044
Cameroon,0.0348336,0.0348336,0.0,0.0348336,0.0,0.0348336
Cameroon,0.0623776999999999,0.0623776999999999,0.0,0.0623776999999999,0.0,0.0623776999999999
Cameroon,0.2491965,0.2491965,0.0,0.2491965,0.0,0.2491965
Cameroon,0.5965930999999998,0.5965930999999998,0.0,0.5965930999999998,0.0,0.5965930999999998
Cameroon,0.8373796299999999,0.8373796299999999,0.0,0.8373796299999999,0.0,0.8373796299999999
Cameroon,2.01311522,2.01311522,0.0,0.0,2.01311522,2.01311522
Cameroon,18.04519674,18.04519674,0.0,18.04519674,0.0,18.04519674
Cameroon,32.985448,32.985448,0.0,32.985448,0.0,32.985448
Central African Republic,0.0,0.0666933,0.0666933,0.0,0.0,0.0666933
Central African Republic,0.0,5.361619429999999,5.361619429999999,0.0,0.0,5.361619429999999
Central African Republic,0.004596,0.004596,0.0,0.0,0.004596,0.004596
Central African Republic,0.09146349999999989,0.09146349999999989,0.0,0.09146349999999989,0.0,0.09146349999999989
Central African Republic,0.1672038099999999,0.1672038099999999,0.0,0.1672038099999999,0.0,0.1672038099999999
Chad,0.0,0.0883455299999999,0.0883455299999999,0.0,0.0,0.0883455299999999
Chad,0.0,0.3712766799999996,0.3712766799999996,0.0,0.0,0.3712766799999996
Chad,0.0,3.0242031000000003,3.0242031000000003,0.0,0.0,3.0242031000000003
Chad,0.0,27.49436693058,27.49436693058,0.0,0.0,27.49436693058
Chad,0.00338181,0.00338181,0.0,0.00338181,0.0,0.00338181
Chad,0.00462646,0.00462646,0.0,0.00462646,0.0,0.00462646
Chad,0.5685465399999999,0.5685465399999999,0.0,0.5685465399999999,0.0,0.5685465399999999
Chad,17.3705401,17.3705401,0.0,0.0,17.3705401,17.3705401
Chile,0.0,0.13356737000000002,0.13356737000000002,0.0,0.0,0.13356737000000002
Chile,0.0,0.3504723999999999,0.3504723999999999,0.0,0.0,0.3504723999999999
Chile,0.0,0.9732540099999999,0.9732540099999999,0.0,0.0,0.9732540099999999
Chile,0.0,3.1465895239999995,3.1465895239999995,0.0,0.0,3.1465895239999995
Chile,0.13159549999999992,0.13159549999999992,0.0,0.13159549999999992,0.0,0.13159549999999992
Chile,0.366,0.366,0.0,0.366,0.0,0.366
Chile,1.12360394,1.12360394,0.0,1.12360394,0.0,1.12360394
Chile,1.9382828099999998,1.9382828099999998,0.0,0.0,1.9382828099999998,1.9382828099999998
Chile,2.5766725800000003,2.5766725800000003,0.0,2.5766725800000003,0.0,2.5766725800000003
Chile,2.6799158399999996,2.6799158399999996,0.0,2.6799158399999996,0.0,2.6799158399999996
Chile,38.576391615,38.576391615,0.0,38.576391615,0.0,38.576391615
Chile,147.0648164,147.0648164,0.0,147.0648164,0.0,147.0648164
China (People's Republic of),0.0,59.58958539999999,59.58958539999999,0.0,0.0,59.58958539999999
China (People's Republic of),0.0,72.65533844,72.65533844,0.0,0.0,72.65533844
China (People's Republic of),0.0,89.28622409399999,89.28622409399999,0.0,0.0,89.28622409399999
China (People's Republic of),0.0,331.83003832400004,331.83003832400004,0.0,0.0,331.83003832400004
China (People's Republic of),0.0179585999999999,0.0179585999999999,0.0,0.0179585999999999,0.0,0.0179585999999999
China (People's Republic of),0.109084505,0.109084505,0.0,0.109084505,0.0,0.109084505
China (People's Republic of),0.257555,0.257555,0.0,0.257555,0.0,0.257555
China (People's Republic of),5.33935876,5.33935876,0.0,5.33935876,0.0,5.33935876
China (People's Republic of),7.550372619999999,7.550372619999999,0.0,7.550372619999999,0.0,7.550372619999999
China (People's Republic of),19.97601744,19.97601744,0.0,19.97601744,0.0,19.97601744
China (People's Republic of),20.6951343,20.6951343,0.0,20.6951343,0.0,20.6951343
China (People's Republic of),22.49289272,22.49289272,0.0,22.49289272,0.0,22.49289272
China (People's Republic of),61.32935429299999,61.32935429299999,0.0,61.32935429299999,0.0,61.32935429299999
China (People's Republic of),95.73631847399997,95.73631847399997,0.0,0.0,95.73631847399997,95.73631847399997
Colombia,0.0,0.0,0.0,0.0,0.0,0.0
Colombia,0.0,21.81881738,21.81881738,0.0,0.0,21.81881738
Colombia,0.0,32.95512633,32.95512633,0.0,0.0,32.95512633
Colombia,0.0,33.581716559,33.581716559,0.0,0.0,33.581716559
Colombia,0.0,171.713486431,171.713486431,0.0,0.0,171.713486431
Colombia,0.10636438999999989,0.10636438999999989,0.0,0.10636438999999989,0.0,0.10636438999999989
Colombia,0.2959584,0.2959584,0.0,0.2959584,0.0,0.2959584
Colombia,2.38728233,2.38728233,0.0,2.38728233,0.0,2.38728233
Colombia,12.911132419,12.911132419,0.0,12.911132419,0.0,12.911132419
Colombia,16.68004942,16.68004942,0.0,16.68004942,0.0,16.68004942
Colombia,127.314836614,127.314836614,0.0,127.314836614,0.0,127.314836614
Colombia,355.63032474700003,355.63032474700003,0.0,0.0,355.63032474700003,355.63032474700003
Comoros,0.0,0.0,0.0,0.0,0.0,0.0
Comoros,0.0,0.0562161999999999,0.0562161999999999,0.0,0.0,0.0562161999999999
Comoros,0.0,0.2638029999999999,0.2638029999999999,0.0,0.0,0.2638029999999999
Comoros,0.0,1.6942614799999998,1.6942614799999998,0.0,0.0,1.6942614799999998
Comoros,0.0234428,0.0234428,0.0,0.0234428,0.0,0.0234428
Congo,0.0,0.09848710000000001,0.09848710000000001,0.0,0.0,0.09848710000000001
Congo,0.0,0.22090145999999988,0.22090145999999988,0.0,0.0,0.22090145999999988
Congo,0.0,1.0331297999999998,1.0331297999999998,0.0,0.0,1.0331297999999998
Congo,0.0,5.6590413,5.6590413,0.0,0.0,5.6590413
Congo,0.1738500499999998,0.1738500499999998,0.0,0.1738500499999998,0.0,0.1738500499999998
Congo,0.37025859999999977,0.37025859999999977,0.0,0.0,0.37025859999999977,0.37025859999999977
Congo,0.4922252199999998,0.4922252199999998,0.0,0.4922252199999998,0.0,0.4922252199999998
Cook Islands,0.0,0.099296,0.099296,0.0,0.0,0.099296
Cook Islands,0.0298797,0.0298797,0.0,0.0298797,0.0,0.0298797
Cook Islands,0.0760466999999999,0.0760466999999999,0.0,0.0760466999999999,0.0,0.0760466999999999
Cook Islands,1.2850497,1.2850497,0.0,0.0,1.2850497,1.2850497
Costa Rica,0.0,0.0,0.0,0.0,0.0,0.0
Costa Rica,0.0,4.823851,4.823851,0.0,0.0,4.823851
Costa Rica,0.0,5.0479610699999995,5.0479610699999995,0.0,0.0,5.0479610699999995
Costa Rica,0.0,7.403122700000001,7.403122700000001,0.0,0.0,7.403122700000001
Costa Rica,0.0,75.91936154,75.91936154,0.0,0.0,75.91936154
Costa Rica,0.024821,0.024821,0.0,0.024821,0.0,0.024821
Costa Rica,0.08549972,0.08549972,0.0,0.08549972,0.0,0.08549972
Costa Rica,0.4722364,0.4722364,0.0,0.4722364,0.0,0.4722364
Costa Rica,1.1234251599999996,1.1234251599999996,0.0,0.0,1.1234251599999996,1.1234251599999996
Costa Rica,8.471181999999999,8.471181999999999,0.0,8.471181999999999,0.0,8.471181999999999
Costa Rica,109.88389399999998,109.88389399999998,0.0,109.88389399999998,0.0,109.88389399999998
Cuba,0.0,0.0,0.0,0.0,0.0,0.0
Cuba,0.0,0.0221217169999999,0.0221217169999999,0.0,0.0,0.0221217169999999
Cuba,0.0,2.3710683299999995,2.3710683299999995,0.0,0.0,2.3710683299999995
Cuba,0.0,3.7017932399999993,3.7017932399999993,0.0,0.0,3.7017932399999993
Cuba,0.0,14.541290805,14.541290805,0.0,0.0,14.541290805
Cuba,0.00111944,0.00111944,0.0,0.00111944,0.0,0.00111944
Cuba,0.00223889,0.00223889,0.0,0.00223889,0.0,0.00223889
Cuba,2.3588831699999995,2.3588831699999995,0.0,2.3588831699999995,0.0,2.3588831699999995
Cuba,3.0345415399999993,3.0345415399999993,0.0,3.0345415399999993,0.0,3.0345415399999993
Cuba,7.088163038999999,7.088163038999999,0.0,0.0,7.088163038999999,7.088163038999999
Cuba,11.07111359,11.07111359,0.0,11.07111359,0.0,11.07111359
Côte d'Ivoire,0.0,2.37455394,2.37455394,0.0,0.0,2.37455394
Côte d'Ivoire,0.0,2.4729587099999994,2.4729587099999994,0.0,0.0,2.4729587099999994
Côte d'Ivoire,0.0,4.1618613600000005,4.1618613600000005,0.0,0.0,4.1618613600000005
Côte d'Ivoire,0.0,25.5347858,25.5347858,0.0,0.0,25.5347858
Côte d'Ivoire,0.19983,0.19983,0.0,0.19983,0.0,0.19983
Côte d'Ivoire,0.21417059999999988,0.21417059999999988,0.0,0.21417059999999988,0.0,0.21417059999999988
Côte d'Ivoire,0.4,0.4,0.0,0.4,0.0,0.4
Côte d'Ivoire,0.6550247,0.6550247,0.0,0.6550247,0.0,0.6550247
Côte d'Ivoire,0.731901,0.731901,0.0,0.731901,0.0,0.731901
Côte d'Ivoire,5.769647839999999,5.769647839999999,0.0,0.0,5.769647839999999,5.769647839999999
Côte d'Ivoire,70.72986647000002,70.72986647000002,0.0,70.72986647000002,0.0,70.72986647000002
Democratic Republic of the Congo,0.0,7.1031337899999984,7.1031337899999984,0.0,0.0,7.1031337899999984
Democratic Republic of the Congo,0.0,21.1339876,21.1339876,0.0,0.0,21.1339876
Democratic Republic of the Congo,0.0,55.296337969999996,55.296337969999996,0.0,0.0,55.296337969999996
Democratic Republic of the Congo,0.0,59.28908704,59.28908704,0.0,0.0,59.28908704
Democratic Republic of the Congo,1.9113710899999994,1.9113710899999994,0.0,1.9113710899999994,0.0,1.9113710899999994
Democratic Republic of the Congo,7.930054869999999,7.930054869999999,0.0,7.930054869999999,0.0,7.930054869999999
Democratic Republic of the Congo,9.975363699999999,9.975363699999999,0.0,9.975363699999999,0.0,9.975363699999999
Democratic Republic of the Congo,15.989178499999998,15.989178499999998,0.0,15.989178499999998,0.0,15.989178499999998
Democratic Republic of the Congo,50.298680319999995,50.298680319999995,0.0,0.0,50.298680319999995,50.298680319999995
Djibouti,0.0,0.0147527,0.0147527,0.0,0.0,0.0147527
Djibouti,0.0,0.2251088999999998,0.2251088999999998,0.0,0.0,0.2251088999999998
Djibouti,0.13333079999999992,0.13333079999999992,0.0,0.13333079999999992,0.0,0.13333079999999992
Djibouti,0.7859159100000002,0.7859159100000002,0.0,0.0,0.7859159100000002,0.7859159100000002
Djibouti,1.9389554,1.9389554,0.0,1.9389554,0.0,1.9389554
Djibouti,2.9962606000000003,2.9962606000000003,0.0,2.9962606000000003,0.0,2.9962606000000003
Dominica,0.0,0.0,0.0,0.0,0.0,0.0
Dominica,0.0,0.00174567,0.00174567,0.0,0.0,0.00174567
Dominica,0.4188021999999999,0.4188021999999999,0.0,0.4188021999999999,0.0,0.4188021999999999
Dominica,1.27928748,1.27928748,0.0,1.27928748,0.0,1.27928748
Dominica,3.6013648999999996,3.6013648999999996,0.0,0.0,3.6013648999999996,3.6013648999999996
Dominican Republic,0.0,0.02315236,0.02315236,0.0,0.0,0.02315236
Dominican Republic,0.0,0.040502999999999796,0.040502999999999796,0.0,0.0,0.040502999999999796
Dominican Republic,0.0,1.1779025799999996,1.1779025799999996,0.0,0.0,1.1779025799999996
Dominican Republic,0.0,2.3524501199999994,2.3524501199999994,0.0,0.0,2.3524501199999994
Dominican Republic,0.18987836,0.18987836,0.0,0.18987836,0.0,0.18987836
Dominican Republic,0.26112279999999977,0.26112279999999977,0.0,0.26112279999999977,0.0,0.26112279999999977
Dominican Republic,2.7541279999999997,2.7541279999999997,0.0,2.7541279999999997,0.0,2.7541279999999997
Dominican Republic,4.094257000000001,4.094257000000001,0.0,4.094257000000001,0.0,4.094257000000001
Dominican Republic,37.795950000000005,37.795950000000005,0.0,37.795950000000005,0.0,37.795950000000005
Dominican Republic,52.927628780000006,52.927628780000006,0.0,0.0,52.927628780000006,52.927628780000006
Ecuador,0.0,6.822612613,6.822612613,0.0,0.0,6.822612613
Ecuador,0.0,8.763871463,8.763871463,0.0,0.0,8.763871463
Ecuador,0.0,31.547545076999995,31.547545076999995,0.0,0.0,31.547545076999995
Ecuador,0.0,32.542985892000004,32.542985892000004,0.0,0.0,32.542985892000004
Ecuador,0.125037,0.125037,0.0,0.125037,0.0,0.125037
Ecuador,0.235529,0.235529,0.0,0.235529,0.0,0.235529
Ecuador,0.7034082616999997,0.7034082616999997,0.0,0.7034082616999997,0.0,0.7034082616999997
Ecuador,1.0415693999999998,1.0415693999999998,0.0,1.0415693999999998,0.0,1.0415693999999998
Ecuador,9.479041109999999,9.479041109999999,0.0,9.479041109999999,0.0,9.479041109999999
Ecuador,17.60964,17.60964,0.0,17.60964,0.0,17.60964
Ecuador,37.22940989999999,37.22940989999999,0.0,37.22940989999999,0.0,37.22940989999999
Ecuador,96.895781016,96.895781016,0.0,0.0,96.895781016,96.895781016
Egypt,0.0,0.819711232,0.819711232,0.0,0.0,0.819711232
Egypt,0.0,1.71404612,1.71404612,0.0,0.0,1.71404612
Egypt,0.0,30.527962080000002,30.527962080000002,0.0,0.0,30.527962080000002
Egypt,0.0,67.02573583,67.02573583,0.0,0.0,67.02573583
Egypt,0.0700512,0.0700512,0.0,0.0700512,0.0,0.0700512
Egypt,1.8074703999999997,1.8074703999999997,0.0,1.8074703999999997,0.0,1.8074703999999997
Egypt,5.156723292000001,5.156723292000001,0.0,0.0,5.156723292000001,5.156723292000001
Egypt,37.11394007,37.11394007,0.0,37.11394007,0.0,37.11394007
Egypt,53.920877600000004,53.920877600000004,0.0,53.920877600000004,0.0,53.920877600000004
Egypt,134.38036628,134.38036628,0.0,134.38036628,0.0,134.38036628
Egypt,235.7777257,235.7777257,0.0,235.7777257,0.0,235.7777257
Egypt,236.91500337,236.91500337,0.0,236.91500337,0.0,236.91500337
El Salvador,0.0,2.7610890599999998,2.7610890599999998,0.0,0.0,2.7610890599999998
El Salvador,0.0,2.8352661699999997,2.8352661699999997,0.0,0.0,2.8352661699999997
El Salvador,0.0,4.259199054999998,4.259199054999998,0.0,0.0,4.259199054999998
El Salvador,0.0,7.3693007959999965,7.3693007959999965,0.0,0.0,7.3693007959999965
El Salvador,0.30668,0.30668,0.0,0.30668,0.0,0.30668
El Salvador,0.4438361,0.4438361,0.0,0.4438361,0.0,0.4438361
El Salvador,12.15544203,12.15544203,0.0,0.0,12.15544203,12.15544203
El Salvador,17.031881000000002,17.031881000000002,0.0,17.031881000000002,0.0,17.031881000000002
El Salvador,25.169794299999996,25.169794299999996,0.0,25.169794299999996,0.0,25.169794299999996
Equatorial Guinea,0.0,0.041126800000000005,0.041126800000000005,0.0,0.0,0.041126800000000005
Equatorial Guinea,0.0,0.0526,0.0526,0.0,0.0,0.0526
Equatorial Guinea,0.0,0.1,0.1,0.0,0.0,0.1
Equatorial Guinea,0.00717564,0.00717564,0.0,0.00717564,0.0,0.00717564
Eswatini,0.0,0.0,0.0,0.0,0.0,0.0
Eswatini,0.0,0.0254078999999998,0.0254078999999998,0.0,0.0,0.0254078999999998
Eswatini,0.0,0.3141923999999999,0.3141923999999999,0.0,0.0,0.3141923999999999
Eswatini,5.301906,5.301906,0.0,0.0,5.301906,5.301906
Ethiopia,0.0,13.40597151,13.40597151,0.0,0.0,13.40597151
Ethiopia,0.0,29.428400859999996,29.428400859999996,0.0,0.0,29.428400859999996
Ethiopia,0.0,62.388290300000016,62.388290300000016,0.0,0.0,62.388290300000016
Ethiopia,0.0,137.638972511,137.638972511,0.0,0.0,137.638972511
Ethiopia,0.1545981999999999,0.1545981999999999,0.0,0.1545981999999999,0.0,0.1545981999999999
Ethiopia,0.68743418,0.68743418,0.0,0.68743418,0.0,0.68743418
Ethiopia,0.884091,0.884091,0.0,0.884091,0.0,0.884091
Ethiopia,2.8424188900000003,2.8424188900000003,0.0,2.8424188900000003,0.0,2.8424188900000003
Ethiopia,3.17543802,3.17543802,0.0,3.17543802,0.0,3.17543802
Ethiopia,7.467278429999999,7.467278429999999,0.0,7.467278429999999,0.0,7.467278429999999
Ethiopia,40.159259490000004,40.159259490000004,0.0,40.159259490000004,0.0,40.159259490000004
Ethiopia,56.37883682,56.37883682,0.0,56.37883682,0.0,56.37883682
Ethiopia,665.533860882,665.533860882,0.0,0.0,665.533860882,665.533860882
Fiji,0.0,0.05225011,0.05225011,0.0,0.0,0.05225011
Fiji,0.0,0.4420286899999999,0.4420286899999999,0.0,0.0,0.4420286899999999
Fiji,0.0,0.87418,0.87418,0.0,0.0,0.87418
Fiji,0.0,1.6962841,1.6962841,0.0,0.0,1.6962841
Fiji,0.01909445,0.01909445,0.0,0.01909445,0.0,0.01909445
Fiji,0.037718,0.037718,0.0,0.037718,0.0,0.037718
Fiji,0.2184161,0.2184161,0.0,0.2184161,0.0,0.2184161
Fiji,0.7588011999999997,0.7588011999999997,0.0,0.7588011999999997,0.0,0.7588011999999997
Fiji,1.63139169,1.63139169,0.0,1.63139169,0.0,1.63139169
Fiji,19.239846710000002,19.239846710000002,0.0,0.0,19.239846710000002,19.239846710000002
Gabon,0.0,0.10090454,0.10090454,0.0,0.0,0.10090454
Gabon,0.0,0.3920841699999999,0.3920841699999999,0.0,0.0,0.3920841699999999
Gabon,0.0,3.5929369999999996,3.5929369999999996,0.0,0.0,3.5929369999999996
Gabon,0.0,4.192083,4.192083,0.0,0.0,4.192083
Gabon,0.0177032999999999,0.0177032999999999,0.0,0.0177032999999999,0.0,0.0177032999999999
Gabon,0.7158675999999997,0.7158675999999997,0.0,0.7158675999999997,0.0,0.7158675999999997
Gabon,1.3819910000000002,1.3819910000000002,0.0,0.0,1.3819910000000002,1.3819910000000002
Gambia,0.0,0.0502761999999999,0.0502761999999999,0.0,0.0,0.0502761999999999
Gambia,0.0,0.093086,0.093086,0.0,0.0,0.093086
Gambia,0.0,0.168305,0.168305,0.0,0.0,0.168305
Gambia,0.006465,0.006465,0.0,0.0,0.006465,0.006465
Gambia,0.0257288,0.0257288,0.0,0.0257288,0.0,0.0257288
Gambia,0.166638,0.166638,0.0,0.166638,0.0,0.166638
Georgia,0.0,0.99196616,0.99196616,0.0,0.0,0.99196616
Georgia,0.0,2.2929738399999997,2.2929738399999997,0.0,0.0,2.2929738399999997
Georgia,0.0,7.414577154499999,7.414577154499999,0.0,0.0,7.414577154499999
Georgia,0.0,20.293072329999998,20.293072329999998,0.0,0.0,20.293072329999998
Georgia,0.00202429,0.00202429,0.0,0.00202429,0.0,0.00202429
Georgia,0.02232226,0.02232226,0.0,0.02232226,0.0,0.02232226
Georgia,0.1475688,0.1475688,0.0,0.1475688,0.0,0.1475688
Georgia,0.5578915999999998,0.5578915999999998,0.0,0.5578915999999998,0.0,0.5578915999999998
Georgia,2.2575324,2.2575324,0.0,2.2575324,0.0,2.2575324
Georgia,7.96976775,7.96976775,0.0,7.96976775,0.0,7.96976775
Georgia,11.49005201,11.49005201,0.0,0.0,11.49005201,11.49005201
Georgia,37.39516629,37.39516629,0.0,37.39516629,0.0,37.39516629
Georgia,104.15909727,104.15909727,0.0,104.15909727,0.0,104.15909727
Ghana,0.0,2.30030319,2.30030319,0.0,0.0,2.30030319
Ghana,0.0,2.40970374,2.40970374,0.0,0.0,2.40970374
Ghana,0.0,18.417102161,18.417102161,0.0,0.0,18.417102161
Ghana,0.0,39.216958291999994,39.216958291999994,0.0,0.0,39.216958291999994
Ghana,0.309464,0.309464,0.0,0.309464,0.0,0.309464
Ghana,1.2569342,1.2569342,0.0,1.2569342,0.0,1.2569342
Ghana,4.37561128,4.37561128,0.0,4.37561128,0.0,4.37561128
Ghana,7.665415574000001,7.665415574000001,0.0,7.665415574000001,0.0,7.665415574000001
Ghana,11.33039313,11.33039313,0.0,11.33039313,0.0,11.33039313
Ghana,31.103869259000007,31.103869259000007,0.0,0.0,31.103869259000007,31.103869259000007
Ghana,36.543693139999995,36.543693139999995,0.0,36.543693139999995,0.0,36.543693139999995
Grenada,0.0,0.00697242,0.00697242,0.0,0.0,0.00697242
Grenada,0.0,0.518542,0.518542,0.0,0.0,0.518542
Grenada,0.209267,0.209267,0.0,0.209267,0.0,0.209267
Grenada,0.41851779999999983,0.41851779999999983,0.0,0.41851779999999983,0.0,0.41851779999999983
Grenada,0.502476,0.502476,0.0,0.502476,0.0,0.502476
Grenada,1.022012,1.022012,0.0,1.022012,0.0,1.022012
Grenada,3.4897420500000003,3.4897420500000003,0.0,0.0,3.4897420500000003,3.4897420500000003
Guatemala,0.0,4.8591995,4.8591995,0.0,0.0,4.8591995
Guatemala,0.0,8.762214329999999,8.762214329999999,0.0,0.0,8.762214329999999
Guatemala,0.0,11.005960015000001,11.005960015000001,0.0,0.0,11.005960015000001
Guatemala,0.0,20.227212357,20.227212357,0.0,0.0,20.227212357
Guatemala,0.0740905,0.0740905,0.0,0.0740905,0.0,0.0740905
Guatemala,0.1884985279999999,0.1884985279999999,0.0,0.1884985279999999,0.0,0.1884985279999999
Guatemala,0.27024388,0.27024388,0.0,0.27024388,0.0,0.27024388
Guatemala,0.2974199999999999,0.2974199999999999,0.0,0.2974199999999999,0.0,0.2974199999999999
Guatemala,0.6845931199999999,0.6845931199999999,0.0,0.6845931199999999,0.0,0.6845931199999999
Guatemala,9.945152,9.945152,0.0,9.945152,0.0,9.945152
Guatemala,18.7438,18.7438,0.0,18.7438,0.0,18.7438
Guatemala,55.130357079999996,55.130357079999996,0.0,0.0,55.130357079999996,55.130357079999996
Guinea,0.0,0.16309256999999971,0.16309256999999971,0.0,0.0,0.16309256999999971
Guinea,0.0,1.0998140699999999,1.0998140699999999,0.0,0.0,1.0998140699999999
Guinea,0.0,1.2738599999999995,1.2738599999999995,0.0,0.0,1.2738599999999995
Guinea,0.0,7.449906,7.449906,0.0,0.0,7.449906
Guinea,0.00223017,0.00223017,0.0,0.00223017,0.0,0.00223017
Guinea,0.005148,0.005148,0.0,0.005148,0.0,0.005148
Guinea,0.05291409999999999,0.05291409999999999,0.0,0.05291409999999999,0.0,0.05291409999999999
Guinea,0.12890629999999992,0.12890629999999992,0.0,0.12890629999999992,0.0,0.12890629999999992
Guinea,0.1578261199999999,0.1578261199999999,0.0,0.1578261199999999,0.0,0.1578261199999999
Guinea,0.205176,0.205176,0.0,0.205176,0.0,0.205176
Guinea,1.014217,1.014217,0.0,1.014217,0.0,1.014217
Guinea,4.994487725,4.994487725,0.0,0.0,4.994487725,4.994487725
Guinea-Bissau,0.0,0.2855055999999999,0.2855055999999999,0.0,0.0,0.2855055999999999
Guinea-Bissau,0.0,0.44114419000000005,0.44114419000000005,0.0,0.0,0.44114419000000005
Guinea-Bissau,0.0,0.45397648300000004,0.45397648300000004,0.0,0.0,0.45397648300000004
Guinea-Bissau,0.0,1.50758332,1.50758332,0.0,0.0,1.50758332
Guinea-Bissau,0.38704,0.38704,0.0,0.38704,0.0,0.38704
Guinea-Bissau,0.9819105999999999,0.9819105999999999,0.0,0.0,0.9819105999999999,0.9819105999999999
Guinea-Bissau,1.34333,1.34333,0.0,1.34333,0.0,1.34333
Guyana,0.0,0.0,0.0,0.0,0.0,0.0
Guyana,0.0,0.0006716669999999,0.0006716669999999,0.0,0.0,0.0006716669999999
Guyana,0.0,0.34769439999999996,0.34769439999999996,0.0,0.0,0.34769439999999996
Guyana,0.0,3.7971359999999996,3.7971359999999996,0.0,0.0,3.7971359999999996
Guyana,0.0,9.2785744,9.2785744,0.0,0.0,9.2785744
Guyana,0.0785966999999999,0.0785966999999999,0.0,0.0785966999999999,0.0,0.0785966999999999
Guyana,0.1931782,0.1931782,0.0,0.1931782,0.0,0.1931782
Guyana,2.8874589999999998,2.8874589999999998,0.0,2.8874589999999998,0.0,2.8874589999999998
Guyana,46.5081081,46.5081081,0.0,46.5081081,0.0,46.5081081
Haiti,0.0,1.5902323839999997,1.5902323839999997,0.0,0.0,1.5902323839999997
Haiti,0.0,4.0909865299999995,4.0909865299999995,0.0,0.0,4.0909865299999995
Haiti,0.0,6.643680519999999,6.643680519999999,0.0,0.0,6.643680519999999
Haiti,0.0,30.22542837,30.22542837,0.0,0.0,30.22542837
Haiti,0.525656,0.525656,0.0,0.525656,0.0,0.525656
Haiti,0.6432278999999999,0.6432278999999999,0.0,0.6432278999999999,0.0,0.6432278999999999
Haiti,1.4986850999999999,1.4986850999999999,0.0,1.4986850999999999,0.0,1.4986850999999999
Haiti,1.50645624,1.50645624,0.0,1.50645624,0.0,1.50645624
Haiti,10.508805070000001,10.508805070000001,0.0,10.508805070000001,0.0,10.508805070000001
Haiti,11.492852000000001,11.492852000000001,0.0,11.492852000000001,0.0,11.492852000000001
Haiti,70.8949252498,70.8949252498,0.0,0.0,70.8949252498,70.8949252498
Honduras,0.0,1.29730757,1.29730757,0.0,0.0,1.29730757
Honduras,0.0,3.722454,3.722454,0.0,0.0,3.722454
Honduras,0.0,9.710789875,9.710789875,0.0,0.0,9.710789875
Honduras,0.0,57.363304845000016,57.363304845000016,0.0,0.0,57.363304845000016
Honduras,0.0154816,0.0154816,0.0,0.0154816,0.0,0.0154816
Honduras,0.097073,0.097073,0.0,0.097073,0.0,0.097073
Honduras,0.773915,0.773915,0.0,0.773915,0.0,0.773915
Honduras,2.643152,2.643152,0.0,2.643152,0.0,2.643152
Honduras,38.477969200000004,38.477969200000004,0.0,38.477969200000004,0.0,38.477969200000004
Honduras,38.525124508,38.525124508,0.0,38.525124508,0.0,38.525124508
Honduras,63.118224510000005,63.118224510000005,0.0,0.0,63.118224510000005,63.118224510000005
India,0.0,131.7534023667,131.7534023667,0.0,0.0,131.7534023667
India,0.0,199.17165411,199.17165411,0.0,0.0,199.17165411
India,0.0,324.1933626559999,324.1933626559999,0.0,0.0,324.1933626559999
India,0.0,1699.4697148551002,1699.4697148551002,0.0,0.0,1699.4697148551002
India,6.419734575999999,6.419734575999999,0.0,6.419734575999999,0.0,6.419734575999999
India,13.21078911,13.21078911,0.0,13.21078911,0.0,13.21078911
India,47.1148073,47.1148073,0.0,47.1148073,0.0,47.1148073
India,95.453265632,95.453265632,0.0,95.453265632,0.0,95.453265632
India,97.73747553100002,97.73747553100002,0.0,0.0,97.73747553100002,97.73747553100002
India,232.88502464999996,232.88502464999996,0.0,232.88502464999996,0.0,232.88502464999996
India,266.25142831700003,266.25142831700003,0.0,266.25142831700003,0.0,266.25142831700003
India,1402.33887401,1402.33887401,0.0,1402.33887401,0.0,1402.33887401
Indonesia,0.0,43.67889669,43.67889669,0.0,0.0,43.67889669
Indonesia,0.0,88.86504253400001,88.86504253400001,0.0,0.0,88.86504253400001
Indonesia,0.0,153.060364482,153.060364482,0.0,0.0,153.060364482
Indonesia,0.0,153.15138460799997,153.15138460799997,0.0,0.0,153.15138460799997
Indonesia,0.2463411,0.2463411,0.0,0.2463411,0.0,0.2463411
Indonesia,3.19392045,3.19392045,0.0,3.19392045,0.0,3.19392045
Indonesia,4.335571399999999,4.335571399999999,0.0,4.335571399999999,0.0,4.335571399999999
Indonesia,5.5089597999999995,5.5089597999999995,0.0,5.5089597999999995,0.0,5.5089597999999995
Indonesia,48.0037,48.0037,0.0,48.0037,0.0,48.0037
Indonesia,81.09685949000001,81.09685949000001,0.0,0.0,81.09685949000001,81.09685949000001
Indonesia,128.11900841,128.11900841,0.0,128.11900841,0.0,128.11900841
Indonesia,150.760595,150.760595,0.0,150.760595,0.0,150.760595
Indonesia,203.39540497000002,203.39540497000002,0.0,203.39540497000002,0.0,203.39540497000002
Indonesia,489.8412003100001,489.8412003100001,0.0,489.8412003100001,0.0,489.8412003100001
Iran,0.0,0.0,0.0,0.0,0.0,0.0
Iran,0.0,0.35248838,0.35248838,0.0,0.0,0.35248838
Iran,0.0,0.36554146199999993,0.36554146199999993,0.0,0.0,0.36554146199999993
Iran,0.0,0.9122100000000001,0.9122100000000001,0.0,0.0,0.9122100000000001
Iran,0.0,7.562914832,7.562914832,0.0,0.0,7.562914832
Iran,0.00512264,0.00512264,0.0,0.00512264,0.0,0.00512264
Iran,0.0443994,0.0443994,0.0,0.0443994,0.0,0.0443994
Iran,0.0706493999999999,0.0706493999999999,0.0,0.0706493999999999,0.0,0.0706493999999999
Iran,0.107616,0.107616,0.0,0.107616,0.0,0.107616
Iran,1.6514248999999999,1.6514248999999999,0.0,1.6514248999999999,0.0,1.6514248999999999
Iran,2.5156077,2.5156077,0.0,2.5156077,0.0,2.5156077
Iran,2.86675908,2.86675908,0.0,0.0,2.86675908,2.86675908
Iraq,0.0,0.062174003,0.062174003,0.0,0.0,0.062174003
Iraq,0.0,0.3467043,0.3467043,0.0,0.0,0.3467043
Iraq,0.0,0.68260917,0.68260917,0.0,0.0,0.68260917
Iraq,0.0,3.88133417,3.88133417,0.0,0.0,3.88133417
Iraq,0.0683686,0.0683686,0.0,0.0683686,0.0,0.0683686
Iraq,0.482357,0.482357,0.0,0.482357,0.0,0.482357
Iraq,0.6358914,0.6358914,0.0,0.6358914,0.0,0.6358914
Iraq,27.298925999999994,27.298925999999994,0.0,0.0,27.298925999999994,27.298925999999994
Iraq,92.02596,92.02596,0.0,92.02596,0.0,92.02596
Iraq,430.81648,430.81648,0.0,430.81648,0.0,430.81648
Jamaica,0.0,0.0,0.0,0.0,0.0,0.0
Jamaica,0.0,0.0388,0.0388,0.0,0.0,0.0388
Jamaica,0.0,0.24342999999999998,0.24342999999999998,0.0,0.0,0.24342999999999998
Jamaica,0.0,0.4844219999999999,0.4844219999999999,0.0,0.0,0.4844219999999999
Jamaica,0.0,0.485001,0.485001,0.0,0.0,0.485001
Jamaica,0.3042419,0.3042419,0.0,0.3042419,0.0,0.3042419
Jamaica,0.8944979999999999,0.8944979999999999,0.0,0.8944979999999999,0.0,0.8944979999999999
Jamaica,1.3640749999999997,1.3640749999999997,0.0,1.3640749999999997,0.0,1.3640749999999997
Jamaica,7.85232096,7.85232096,0.0,7.85232096,0.0,7.85232096
Jamaica,12.6186768,12.6186768,0.0,0.0,12.6186768,12.6186768
Jamaica,47.7004,47.7004,0.0,47.7004,0.0,47.7004
Jordan,0.0,11.675251620000001,11.675251620000001,0.0,0.0,11.675251620000001
Jordan,0.0,23.98632017,23.98632017,0.0,0.0,23.98632017
Jordan,0.0,50.61078243099999,50.61078243099999,0.0,0.0,50.61078243099999
Jordan,0.0,73.66059926999999,73.66059926999999,0.0,0.0,73.66059926999999
Jordan,0.0272811,0.0272811,0.0,0.0272811,0.0,0.0272811
Jordan,0.988184,0.988184,0.0,0.988184,0.0,0.988184
Jordan,12.61357992,12.61357992,0.0,12.61357992,0.0,12.61357992
Jordan,47.27537815,47.27537815,0.0,47.27537815,0.0,47.27537815
Jordan,51.9688338,51.9688338,0.0,51.9688338,0.0,51.9688338
Jordan,159.04527983,159.04527983,0.0,159.04527983,0.0,159.04527983
Jordan,190.39141112800002,190.39141112800002,0.0,0.0,190.39141112800002,190.39141112800002
Kazakhstan,0.0,0.85947598,0.85947598,0.0,0.0,0.85947598
Kazakhstan,0.0,1.0443557199999998,1.0443557199999998,0.0,0.0,1.0443557199999998
Kazakhstan,0.0,1.2810095599999998,1.2810095599999998,0.0,0.0,1.2810095599999998
Kazakhstan,0.0,2.9001321399999997,2.9001321399999997,0.0,0.0,2.9001321399999997
Kazakhstan,0.0612486999999999,0.0612486999999999,0.0,0.0612486999999999,0.0,0.0612486999999999
Kazakhstan,0.12533864799999989,0.12533864799999989,0.0,0.12533864799999989,0.0,0.12533864799999989
Kazakhstan,1.5724813,1.5724813,0.0,1.5724813,0.0,1.5724813
Kazakhstan,3.0954075299999992,3.0954075299999992,0.0,0.0,3.0954075299999992,3.0954075299999992
Kazakhstan,3.8958863000000004,3.8958863000000004,0.0,3.8958863000000004,0.0,3.8958863000000004
Kazakhstan,4.091143,4.091143,0.0,4.091143,0.0,4.091143
Kenya,0.0,7.066549789999999,7.066549789999999,0.0,0.0,7.066549789999999
Kenya,0.0,20.209281684,20.209281684,0.0,0.0,20.209281684
Kenya,0.0,40.052681629999995,40.052681629999995,0.0,0.0,40.052681629999995
Kenya,0.0,68.03843312,68.03843312,0.0,0.0,68.03843312
Kenya,2.9293591799999996,2.9293591799999996,0.0,2.9293591799999996,0.0,2.9293591799999996
Kenya,3.8266273600000007,3.8266273600000007,0.0,3.8266273600000007,0.0,3.8266273600000007
Kenya,3.848281,3.848281,0.0,3.848281,0.0,3.848281
Kenya,18.2692436,18.2692436,0.0,18.2692436,0.0,18.2692436
Kenya,22.644608490000003,22.644608490000003,0.0,22.644608490000003,0.0,22.644608490000003
Kenya,29.634101400000002,29.634101400000002,0.0,29.634101400000002,0.0,29.634101400000002
Kenya,36.088919159,36.088919159,0.0,36.088919159,0.0,36.088919159
Kenya,234.58507539099998,234.58507539099998,0.0,0.0,234.58507539099998,234.58507539099998
Kenya,298.04578502239997,298.04578502239997,0.0,298.04578502239997,0.0,298.04578502239997
Kiribati,0.0,0.11597099999999999,0.11597099999999999,0.0,0.0,0.11597099999999999
Kiribati,0.0,3.0286478299999997,3.0286478299999997,0.0,0.0,3.0286478299999997
Kiribati,0.0298797,0.0298797,0.0,0.0298797,0.0,0.0298797
Kiribati,0.18474399999999988,0.18474399999999988,0.0,0.18474399999999988,0.0,0.18474399999999988
Kiribati,0.2871523999999999,0.2871523999999999,0.0,0.2871523999999999,0.0,0.2871523999999999
Kiribati,1.4548155999999999,1.4548155999999999,0.0,1.4548155999999999,0.0,1.4548155999999999
Kiribati,2.0332719,2.0332719,0.0,0.0,2.0332719,2.0332719
Kosovo,0.0,0.04413,0.04413,0.0,0.0,0.04413
Kosovo,0.0,12.068241983999998,12.068241983999998,0.0,0.0,12.068241983999998
Kosovo,0.0,13.1736306944,13.1736306944,0.0,0.0,13.1736306944
Kosovo,0.0258132,0.0258132,0.0,0.0258132,0.0,0.0258132
Kosovo,0.2245741,0.2245741,0.0,0.2245741,0.0,0.2245741
Kosovo,0.6713279999999999,0.6713279999999999,0.0,0.6713279999999999,0.0,0.6713279999999999
Kosovo,2.586837939,2.586837939,0.0,0.0,2.586837939,2.586837939
Kosovo,3.4021121,3.4021121,0.0,3.4021121,0.0,3.4021121
Kosovo,11.34409272,11.34409272,0.0,11.34409272,0.0,11.34409272
Kyrgyzstan,0.0,0.008959347,0.008959347,0.0,0.0,0.008959347
Kyrgyzstan,0.0,2.513999746999999,2.513999746999999,0.0,0.0,2.513999746999999
Kyrgyzstan,0.0,3.1687215799999997,3.1687215799999997,0.0,0.0,3.1687215799999997
Kyrgyzstan,0.0,14.1943821,14.1943821,0.0,0.0,14.1943821
Kyrgyzstan,0.16226471999999997,0.16226471999999997,0.0,0.16226471999999997,0.0,0.16226471999999997
Kyrgyzstan,0.1835227699999999,0.1835227699999999,0.0,0.1835227699999999,0.0,0.1835227699999999
Kyrgyzstan,0.7471770000000001,0.7471770000000001,0.0,0.7471770000000001,0.0,0.7471770000000001
Kyrgyzstan,7.735909219999999,7.735909219999999,0.0,7.735909219999999,0.0,7.735909219999999
Kyrgyzstan,7.776466,7.776466,0.0,7.776466,0.0,7.776466
Kyrgyzstan,8.708019849,8.708019849,0.0,0.0,8.708019849,8.708019849
Lao People's Democratic Republic,0.0,1.4607933999999998,1.4607933999999998,0.0,0.0,1.4607933999999998
Lao People's Democratic Republic,0.0,5.95922269,5.95922269,0.0,0.0,5.95922269
Lao People's Democratic Republic,0.0,17.09307675,17.09307675,0.0,0.0,17.09307675
Lao People's Democratic Republic,0.0,17.63634079,17.63634079,0.0,0.0,17.63634079
Lao People's Democratic Republic,0.0120594999999999,0.0120594999999999,0.0,0.0120594999999999,0.0,0.0120594999999999
Lao People's Democratic Republic,0.10379727,0.10379727,0.0,0.10379727,0.0,0.10379727
Lao People's Democratic Republic,4.64440922,4.64440922,0.0,4.64440922,0.0,4.64440922
Lao People's Democratic Republic,8.7289122,8.7289122,0.0,8.7289122,0.0,8.7289122
Lao People's Democratic Republic,26.235133899999997,26.235133899999997,0.0,0.0,26.235133899999997,26.235133899999997
Lao People's Democratic Republic,38.707132200000004,38.707132200000004,0.0,38.707132200000004,0.0,38.707132200000004
Lebanon,0.0,0.0,0.0,0.0,0.0,0.0
Lebanon,0.0,0.0684585,0.0684585,0.0,0.0,0.0684585
Lebanon,0.0,4.8820985100000005,4.8820985100000005,0.0,0.0,4.8820985100000005
Lebanon,0.0,8.62754076,8.62754076,0.0,0.0,8.62754076
Lebanon,0.0,13.2064436,13.2064436,0.0,0.0,13.2064436
Lebanon,0.05,0.05,0.0,0.05,0.0,0.05
Lebanon,1.18022,1.18022,0.0,1.18022,0.0,1.18022
Lebanon,1.3609086799999996,1.3609086799999996,0.0,1.3609086799999996,0.0,1.3609086799999996
Lebanon,1.5244841449999997,1.5244841449999997,0.0,0.0,1.5244841449999997,1.5244841449999997
Lebanon,8.18386961,8.18386961,0.0,8.18386961,0.0,8.18386961
Lesotho,0.0,0.056991,0.056991,0.0,0.0,0.056991
Lesotho,0.0,0.0628712,0.0628712,0.0,0.0,0.0628712
Lesotho,0.13574916,0.13574916,0.0,0.13574916,0.0,0.13574916
Lesotho,0.36845099999999975,0.36845099999999975,0.0,0.36845099999999975,0.0,0.36845099999999975
Lesotho,11.370747300000001,11.370747300000001,0.0,0.0,11.370747300000001,11.370747300000001
Liberia,0.0,3.1573222000000003,3.1573222000000003,0.0,0.0,3.1573222000000003
Liberia,0.0,14.865308409999999,14.865308409999999,0.0,0.0,14.865308409999999
Liberia,0.0,21.72573,21.72573,0.0,0.0,21.72573
Liberia,0.0,34.980716,34.980716,0.0,0.0,34.980716
Liberia,0.23931000000000002,0.23931000000000002,0.0,0.23931000000000002,0.0,0.23931000000000002
Liberia,0.624914,0.624914,0.0,0.624914,0.0,0.624914
Liberia,1.3707019999999999,1.3707019999999999,0.0,1.3707019999999999,0.0,1.3707019999999999
Liberia,5.0215255999999995,5.0215255999999995,0.0,5.0215255999999995,0.0,5.0215255999999995
Liberia,21.701787699999997,21.701787699999997,0.0,0.0,21.701787699999997,21.701787699999997
Liberia,61.200502,61.200502,0.0,61.200502,0.0,61.200502
Libya,0.0,0.073108,0.073108,0.0,0.0,0.073108
Libya,0.0,1.3788227,1.3788227,0.0,0.0,1.3788227
Libya,0.0,2.25981,2.25981,0.0,0.0,2.25981
Libya,1.193616,1.193616,0.0,0.0,1.193616,1.193616
Madagascar,0.0,7.649257572,7.649257572,0.0,0.0,7.649257572
Madagascar,0.0,19.258163644,19.258163644,0.0,0.0,19.258163644
Madagascar,0.0,42.064338797999994,42.064338797999994,0.0,0.0,42.064338797999994
Madagascar,0.0,44.722853040000004,44.722853040000004,0.0,0.0,44.722853040000004
Madagascar,0.1466808,0.1466808,0.0,0.1466808,0.0,0.1466808
Madagascar,0.1750422999999999,0.1750422999999999,0.0,0.1750422999999999,0.0,0.1750422999999999
Madagascar,0.284198,0.284198,0.0,0.284198,0.0,0.284198
Madagascar,1.2525309999999994,1.2525309999999994,0.0,1.2525309999999994,0.0,1.2525309999999994
Madagascar,5.57993,5.57993,0.0,5.57993,0.0,5.57993
Madagascar,15.519328881,15.519328881,0.0,0.0,15.519328881,15.519328881
Madagascar,23.06510597,23.06510597,0.0,23.06510597,0.0,23.06510597
Malawi,0.0,0.00191636,0.00191636,0.0,0.0,0.00191636
Malawi,0.0,1.803389,1.803389,0.0,0.0,1.803389
Malawi,0.0,18.146126640000002,18.146126640000002,0.0,0.0,18.146126640000002
Malawi,0.0,46.403082284,46.403082284,0.0,0.0,46.403082284
Malawi,0.0309238,0.0309238,0.0,0.0309238,0.0,0.0309238
Malawi,0.7997289999999999,0.7997289999999999,0.0,0.7997289999999999,0.0,0.7997289999999999
Malawi,3.0189587999999996,3.0189587999999996,0.0,3.0189587999999996,0.0,3.0189587999999996
Malawi,4.9712155000000005,4.9712155000000005,0.0,4.9712155000000005,0.0,4.9712155000000005
Malawi,5.808579379999999,5.808579379999999,0.0,5.808579379999999,0.0,5.808579379999999
Malawi,165.504100607,165.504100607,0.0,0.0,165.504100607,165.504100607
Malawi,192.7205632,192.7205632,0.0,192.7205632,0.0,192.7205632
Malaysia,0.0,0.0,0.0,0.0,0.0,0.0
Malaysia,0.0,0.4735510999999998,0.4735510999999998,0.0,0.0,0.4735510999999998
Malaysia,0.0,0.561898,0.561898,0.0,0.0,0.561898
Malaysia,0.0,1.1604447599999996,1.1604447599999996,0.0,0.0,1.1604447599999996
Malaysia,0.0,7.08119777,7.08119777,0.0,0.0,7.08119777
Malaysia,0.09005789,0.09005789,0.0,0.09005789,0.0,0.09005789
Malaysia,0.16602609999999998,0.16602609999999998,0.0,0.16602609999999998,0.0,0.16602609999999998
Malaysia,0.30321482,0.30321482,0.0,0.30321482,0.0,0.30321482
Malaysia,2.013158462999999,2.013158462999999,0.0,2.013158462999999,0.0,2.013158462999999
Malaysia,3.206414099999999,3.206414099999999,0.0,3.206414099999999,0.0,3.206414099999999
Malaysia,9.21953723,9.21953723,0.0,0.0,9.21953723,9.21953723
Maldives,0.0,0.02871985,0.02871985,0.0,0.0,0.02871985
Maldives,0.0,0.0333773,0.0333773,0.0,0.0,0.0333773
Maldives,0.0,0.39941950000000004,0.39941950000000004,0.0,0.0,0.39941950000000004
Maldives,0.005148,0.005148,0.0,0.005148,0.0,0.005148
Maldives,1.0468709999999997,1.0468709999999997,0.0,1.0468709999999997,0.0,1.0468709999999997
Maldives,1.8088241999999997,1.8088241999999997,0.0,1.8088241999999997,0.0,1.8088241999999997
Maldives,2.901802,2.901802,0.0,0.0,2.901802,2.901802
Mali,0.0,0.0,0.0,0.0,0.0,0.0
Mali,0.0,0.7530929999999999,0.7530929999999999,0.0,0.0,0.7530929999999999
Mali,0.0,5.708873639999999,5.708873639999999,0.0,0.0,5.708873639999999
Mali,0.0,8.02496338,8.02496338,0.0,0.0,8.02496338
Mali,0.0,80.62410519,80.62410519,0.0,0.0,80.62410519
Mali,0.23531029999999997,0.23531029999999997,0.0,0.23531029999999997,0.0,0.23531029999999997
Mali,0.2516986899999999,0.2516986899999999,0.0,0.2516986899999999,0.0,0.2516986899999999
Mali,4.13793732,4.13793732,0.0,4.13793732,0.0,4.13793732
Mali,6.645130000000001,6.645130000000001,0.0,6.645130000000001,0.0,6.645130000000001
Mali,101.648001494,101.648001494,0.0,0.0,101.648001494,101.648001494
Marshall Islands,0.0,0.007883,0.007883,0.0,0.0,0.007883
Marshall Islands,0.0,0.2722079999999999,0.2722079999999999,0.0,0.0,0.2722079999999999
Marshall Islands,1.1584838000000002,1.1584838000000002,0.0,1.1584838000000002,0.0,1.1584838000000002
Marshall Islands,2.142393,2.142393,0.0,2.142393,0.0,2.142393
Marshall Islands,2.442278,2.442278,0.0,2.442278,0.0,2.442278
Marshall Islands,3.301881,3.301881,0.0,0.0,3.301881,3.301881
Mauritania,0.0,0.0118319999999999,0.0118319999999999,0.0,0.0,0.0118319999999999
Mauritania,0.0,0.0154182,0.0154182,0.0,0.0,0.0154182
Mauritania,0.0,8.36250541,8.36250541,0.0,0.0,8.36250541
Mauritania,0.0,13.621111189999999,13.621111189999999,0.0,0.0,13.621111189999999
Mauritania,0.06859296999999999,0.06859296999999999,0.0,0.06859296999999999,0.0,0.06859296999999999
Mauritania,0.18767,0.18767,0.0,0.18767,0.0,0.18767
Mauritania,0.20172563,0.20172563,0.0,0.20172563,0.0,0.20172563
Mauritania,0.48140795000000003,0.48140795000000003,0.0,0.48140795000000003,0.0,0.48140795000000003
Mauritania,15.05936995,15.05936995,0.0,15.05936995,0.0,15.05936995
Mauritania,27.49127993,27.49127993,0.0,0.0,27.49127993,27.49127993
Mauritius,0.0,0.0,0.0,0.0,0.0,0.0
Mauritius,0.0,0.29652100000000003,0.29652100000000003,0.0,0.0,0.29652100000000003
Mauritius,0.0,0.52681031,0.52681031,0.0,0.0,0.52681031
Mauritius,0.0,0.6398519999999999,0.6398519999999999,0.0,0.0,0.6398519999999999
Mauritius,0.014369,0.014369,0.0,0.014369,0.0,0.014369
Mauritius,0.19734000000000002,0.19734000000000002,0.0,0.19734000000000002,0.0,0.19734000000000002
Mauritius,0.2139831,0.2139831,0.0,0.2139831,0.0,0.2139831
Mauritius,0.4466199999999999,0.4466199999999999,0.0,0.4466199999999999,0.0,0.4466199999999999
Mauritius,9.755836500000001,9.755836500000001,0.0,0.0,9.755836500000001,9.755836500000001
Mauritius,33.5035321,33.5035321,0.0,33.5035321,0.0,33.5035321
Mexico,0.0,0.0,0.0,0.0,0.0,0.0
Mexico,0.0,11.01152179,11.01152179,0.0,0.0,11.01152179
Mexico,0.0,15.266084898099999,15.266084898099999,0.0,0.0,15.266084898099999
Mexico,0.0,49.51391826999999,49.51391826999999,0.0,0.0,49.51391826999999
Mexico,0.0,116.67020159000002,116.67020159000002,0.0,0.0,116.67020159000002
Mexico,0.0123139,0.0123139,0.0,0.0123139,0.0,0.0123139
Mexico,0.13124999999999998,0.13124999999999998,0.0,0.13124999999999998,0.0,0.13124999999999998
Mexico,0.19359250169999997,0.19359250169999997,0.0,0.19359250169999997,0.0,0.19359250169999997
Mexico,21.64463183,21.64463183,0.0,0.0,21.64463183,21.64463183
Mexico,50.83645533210001,50.83645533210001,0.0,50.83645533210001,0.0,50.83645533210001
Mexico,64.25748311,64.25748311,0.0,64.25748311,0.0,64.25748311
Mexico,137.20814786,137.20814786,0.0,137.20814786,0.0,137.20814786
Mexico,745.46151838,745.46151838,0.0,745.46151838,0.0,745.46151838
Micronesia,0.0,0.0,0.0,0.0,0.0,0.0
Micronesia,0.0,0.099296,0.099296,0.0,0.0,0.099296
Micronesia,0.0,0.27845805,0.27845805,0.0,0.0,0.27845805
Micronesia,0.867917,0.867917,0.0,0.867917,0.0,0.867917
Micronesia,1.79,1.79,0.0,1.79,0.0,1.79
Micronesia,3.9500569999999993,3.9500569999999993,0.0,0.0,3.9500569999999993,3.9500569999999993
Moldova,0.0,0.3607388999999998,0.3607388999999998,0.0,0.0,0.3607388999999998
Moldova,0.0,3.2902019609999997,3.2902019609999997,0.0,0.0,3.2902019609999997
Moldova,0.0,5.37898852,5.37898852,0.0,0.0,5.37898852
Moldova,0.16750585999999973,0.16750585999999973,0.0,0.16750585999999973,0.0,0.16750585999999973
Moldova,0.2550163999999998,0.2550163999999998,0.0,0.2550163999999998,0.0,0.2550163999999998
Moldova,0.4240009999999999,0.4240009999999999,0.0,0.4240009999999999,0.0,0.4240009999999999
Moldova,0.514413,0.514413,0.0,0.514413,0.0,0.514413
Moldova,2.6067782100000003,2.6067782100000003,0.0,0.0,2.6067782100000003,2.6067782100000003
Moldova,7.748145899999999,7.748145899999999,0.0,7.748145899999999,0.0,7.748145899999999
Mongolia,0.0,0.46410149999999983,0.46410149999999983,0.0,0.0,0.46410149999999983
Mongolia,0.0,4.1555712,4.1555712,0.0,0.0,4.1555712
Mongolia,0.0,26.516444934000003,26.516444934000003,0.0,0.0,26.516444934000003
Mongolia,0.0,67.50966621499998,67.50966621499998,0.0,0.0,67.50966621499998
Mongolia,0.017311,0.017311,0.0,0.017311,0.0,0.017311
Mongolia,0.0209851,0.0209851,0.0,0.0209851,0.0,0.0209851
Mongolia,0.0488034,0.0488034,0.0,0.0488034,0.0,0.0488034
Mongolia,0.2368595,0.2368595,0.0,0.2368595,0.0,0.2368595
Mongolia,4.5948256999999995,4.5948256999999995,0.0,4.5948256999999995,0.0,4.5948256999999995
Mongolia,17.18944687,17.18944687,0.0,0.0,17.18944687,17.18944687
Mongolia,25.879804541,25.879804541,0.0,25.879804541,0.0,25.879804541
Mongolia,61.036324,61.036324,0.0,61.036324,0.0,61.036324
Montenegro,0.0,0.0,0.0,0.0,0.0,0.0
Montenegro,0.0,0.00142729,0.00142729,0.0,0.0,0.00142729
Montenegro,0.0,0.2078509289999999,0.2078509289999999,0.0,0.0,0.2078509289999999
Montenegro,0.0,0.4337667699999998,0.4337667699999998,0.0,0.0,0.4337667699999998
Montenegro,0.0,0.6970289999999999,0.6970289999999999,0.0,0.0,0.6970289999999999
Montenegro,0.0298574,0.0298574,0.0,0.0298574,0.0,0.0298574
Montenegro,0.0456009699999998,0.0456009699999998,0.0,0.0,0.0456009699999998,0.0456009699999998
Montenegro,3.7924197,3.7924197,0.0,3.7924197,0.0,3.7924197
Montenegro,14.388657799999999,14.388657799999999,0.0,14.388657799999999,0.0,14.388657799999999
Montenegro,17.420301000000002,17.420301000000002,0.0,17.420301000000002,0.0,17.420301000000002
Montserrat,0.0,0.0432209,0.0432209,0.0,0.0,0.0432209
Montserrat,0.0,0.26380683,0.26380683,0.0,0.0,0.26380683
Montserrat,0.0,0.5513617999999999,0.5513617999999999,0.0,0.0,0.5513617999999999
Montserrat,0.0,0.6012518999999997,0.6012518999999997,0.0,0.0,0.6012518999999997
Montserrat,0.5171780999999999,0.5171780999999999,0.0,0.0,0.5171780999999999,0.5171780999999999
Montserrat,8.986631724,8.986631724,0.0,8.986631724,0.0,8.986631724
Morocco,0.0,2.1702367700000003,2.1702367700000003,0.0,0.0,2.1702367700000003
Morocco,0.0,2.698649314,2.698649314,0.0,0.0,2.698649314
Morocco,0.0,27.132035487000003,27.132035487000003,0.0,0.0,27.132035487000003
Morocco,0.0,40.92246442100001,40.92246442100001,0.0,0.0,40.92246442100001
Morocco,0.08834410000000001,0.08834410000000001,0.0,0.08834410000000001,0.0,0.08834410000000001
Morocco,0.7216258099999999,0.7216258099999999,0.0,0.7216258099999999,0.0,0.7216258099999999
Morocco,5.306062000000001,5.306062000000001,0.0,5.306062000000001,0.0,5.306062000000001
Morocco,22.03858284,22.03858284,0.0,22.03858284,0.0,22.03858284
Morocco,83.39386009,83.39386009,0.0,83.39386009,0.0,83.39386009
Morocco,90.32874000000001,90.32874000000001,0.0,90.32874000000001,0.0,90.32874000000001
Morocco,175.07379893720002,175.07379893720002,0.0,0.0,175.07379893720002,175.07379893720002
Morocco,764.9623026500001,764.9623026500001,0.0,764.9623026500001,0.0,764.9623026500001
Mozambique,0.0,18.2674153,18.2674153,0.0,0.0,18.2674153
Mozambique,0.0,32.29340096,32.29340096,0.0,0.0,32.29340096
Mozambique,0.0,66.29950785000001,66.29950785000001,0.0,0.0,66.29950785000001
Mozambique,0.0,77.67345889199999,77.67345889199999,0.0,0.0,77.67345889199999
Mozambique,0.1587680277999999,0.1587680277999999,0.0,0.1587680277999999,0.0,0.1587680277999999
Mozambique,0.161578,0.161578,0.0,0.161578,0.0,0.161578
Mozambique,0.22303339999999988,0.22303339999999988,0.0,0.22303339999999988,0.0,0.22303339999999988
Mozambique,0.360772,0.360772,0.0,0.360772,0.0,0.360772
Mozambique,0.6299773199999998,0.6299773199999998,0.0,0.6299773199999998,0.0,0.6299773199999998
Mozambique,1.0896601,1.0896601,0.0,1.0896601,0.0,1.0896601
Mozambique,6.28501279,6.28501279,0.0,6.28501279,0.0,6.28501279
Mozambique,22.8655412,22.8655412,0.0,22.8655412,0.0,22.8655412
Mozambique,30.202681886000004,30.202681886000004,0.0,30.202681886000004,0.0,30.202681886000004
Mozambique,185.621666695,185.621666695,0.0,0.0,185.621666695,185.621666695
Myanmar,0.0,3.8243761999999997,3.8243761999999997,0.0,0.0,3.8243761999999997
Myanmar,0.0,8.36427807,8.36427807,0.0,0.0,8.36427807
Myanmar,0.0,19.463536971779995,19.463536971779995,0.0,0.0,19.463536971779995
Myanmar,0.0,26.17934924,26.17934924,0.0,0.0,26.17934924
Myanmar,0.0363977999999999,0.0363977999999999,0.0,0.0363977999999999,0.0,0.0363977999999999
Myanmar,0.18817637999999992,0.18817637999999992,0.0,0.18817637999999992,0.0,0.18817637999999992
Myanmar,1.4973965999999996,1.4973965999999996,0.0,1.4973965999999996,0.0,1.4973965999999996
Myanmar,5.92554271,5.92554271,0.0,5.92554271,0.0,5.92554271
Myanmar,6.4802845499999995,6.4802845499999995,0.0,6.4802845499999995,0.0,6.4802845499999995
Myanmar,25.906771000000003,25.906771000000003,0.0,25.906771000000003,0.0,25.906771000000003
Myanmar,89.568365843,89.568365843,0.0,0.0,89.568365843,89.568365843
Namibia,0.0,0.0,0.0,0.0,0.0,0.0
Namibia,0.0,4.318271,4.318271,0.0,0.0,4.318271
Namibia,0.0,7.90590553,7.90590553,0.0,0.0,7.90590553
Namibia,0.0,13.3925396,13.3925396,0.0,0.0,13.3925396
Namibia,0.0,14.64005718,14.64005718,0.0,0.0,14.64005718
Namibia,0.005,0.005,0.0,0.005,0.0,0.005
Namibia,0.0739473199999998,0.0739473199999998,0.0,0.0739473199999998,0.0,0.0739473199999998
Namibia,6.2423756699999995,6.2423756699999995,0.0,6.2423756699999995,0.0,6.2423756699999995
Namibia,6.6443163,6.6443163,0.0,6.6443163,0.0,6.6443163
Namibia,17.738595412000002,17.738595412000002,0.0,0.0,17.738595412000002,17.738595412000002
Namibia,41.859613339999996,41.859613339999996,0.0,41.859613339999996,0.0,41.859613339999996
Nauru,0.0,0.036454,0.036454,0.0,0.0,0.036454
Nauru,0.0,0.099296,0.099296,0.0,0.0,0.099296
Nauru,0.1388330999999998,0.1388330999999998,0.0,0.1388330999999998,0.0,0.1388330999999998
Nauru,0.225092,0.225092,0.0,0.225092,0.0,0.225092
Nauru,0.25,0.25,0.0,0.25,0.0,0.25
Nauru,0.8258293000000001,0.8258293000000001,0.0,0.0,0.8258293000000001,0.8258293000000001
Nauru,24.4792466,24.4792466,0.0,24.4792466,0.0,24.4792466
Nepal,0.0,0.66860614,0.66860614,0.0,0.0,0.66860614
Nepal,0.0,5.0891538899999995,5.0891538899999995,0.0,0.0,5.0891538899999995
Nepal,0.0,32.59432496,32.59432496,0.0,0.0,32.59432496
Nepal,0.0,42.74580069,42.74580069,0.0,0.0,42.74580069
Nepal,0.01679167,0.01679167,0.0,0.01679167,0.0,0.01679167
Nepal,0.48806198999999995,0.48806198999999995,0.0,0.48806198999999995,0.0,0.48806198999999995
Nepal,1.4606517689999996,1.4606517689999996,0.0,1.4606517689999996,0.0,1.4606517689999996
Nepal,1.84249782,1.84249782,0.0,1.84249782,0.0,1.84249782
Nepal,7.384923,7.384923,0.0,7.384923,0.0,7.384923
Nepal,31.858844194,31.858844194,0.0,31.858844194,0.0,31.858844194
Nepal,55.238437940000004,55.238437940000004,0.0,55.238437940000004,0.0,55.238437940000004
Nepal,183.05430035662,183.05430035662,0.0,0.0,183.05430035662,183.05430035662
Nicaragua,0.0,0.0,0.0,0.0,0.0,0.0
Nicaragua,0.0,0.38212860000000004,0.38212860000000004,0.0,0.0,0.38212860000000004
Nicaragua,0.0,0.6930583499999999,0.6930583499999999,0.0,0.0,0.6930583499999999
Nicaragua,0.0,7.184364054999998,7.184364054999998,0.0,0.0,7.184364054999998
Nicaragua,0.0,13.316450020999998,13.316450020999998,0.0,0.0,13.316450020999998
Nicaragua,0.1540250799999999,0.1540250799999999,0.0,0.1540250799999999,0.0,0.1540250799999999
Nicaragua,0.3028347099999999,0.3028347099999999,0.0,0.3028347099999999,0.0,0.3028347099999999
Nicaragua,2.1360080999999997,2.1360080999999997,0.0,2.1360080999999997,0.0,2.1360080999999997
Nicaragua,6.62474585,6.62474585,0.0,6.62474585,0.0,6.62474585
Nicaragua,12.988294929999999,12.988294929999999,0.0,12.988294929999999,0.0,12.988294929999999
Nicaragua,28.450117387419997,28.450117387419997,0.0,0.0,28.450117387419997,28.450117387419997
Nicaragua,62.11040163690001,62.11040163690001,0.0,62.11040163690001,0.0,62.11040163690001
Niger,0.0,0.22339904,0.22339904,0.0,0.0,0.22339904
Niger,0.0,0.3882061,0.3882061,0.0,0.0,0.3882061
Niger,0.0,7.8308710999999995,7.8308710999999995,0.0,0.0,7.8308710999999995
Niger,0.0,55.932494809999994,55.932494809999994,0.0,0.0,55.932494809999994
Niger,0.0552805669999998,0.0552805669999998,0.0,0.0552805669999998,0.0,0.0552805669999998
Niger,0.2441767,0.2441767,0.0,0.2441767,0.0,0.2441767
Niger,0.7056145199999999,0.7056145199999999,0.0,0.7056145199999999,0.0,0.7056145199999999
Niger,0.7542989999999999,0.7542989999999999,0.0,0.7542989999999999,0.0,0.7542989999999999
Niger,26.194858019999998,26.194858019999998,0.0,0.0,26.194858019999998,26.194858019999998
Nigeria,0.0,0.4195894999999999,0.4195894999999999,0.0,0.0,0.4195894999999999
Nigeria,0.0,0.4293553999999999,0.4293553999999999,0.0,0.0,0.4293553999999999
Nigeria,0.0,3.2752364253579986,3.2752364253579986,0.0,0.0,3.2752364253579986
Nigeria,0.0,6.974578110000001,6.974578110000001,0.0,0.0,6.974578110000001
Nigeria,0.03588321999999999,0.03588321999999999,0.0,0.03588321999999999,0.0,0.03588321999999999
Nigeria,0.04,0.04,0.0,0.04,0.0,0.04
Nigeria,0.255872,0.255872,0.0,0.255872,0.0,0.255872
Nigeria,4.96473,4.96473,0.0,4.96473,0.0,4.96473
Nigeria,14.994476729999999,14.994476729999999,0.0,14.994476729999999,0.0,14.994476729999999
Nigeria,56.70985610900001,56.70985610900001,0.0,0.0,56.70985610900001,56.70985610900001
Nigeria,62.760109840000005,62.760109840000005,0.0,62.760109840000005,0.0,62.760109840000005
Niue,0.0,0.007887,0.007887,0.0,0.0,0.007887
Niue,0.0,0.053158,0.053158,0.0,0.0,0.053158
Niue,0.0,0.099296,0.099296,0.0,0.0,0.099296
Niue,0.7800967000000001,0.7800967000000001,0.0,0.0,0.7800967000000001,0.7800967000000001
Niue,3.6621185,3.6621185,0.0,3.6621185,0.0,3.6621185
North Macedonia,0.0,0.0198518999999999,0.0198518999999999,0.0,0.0,0.0198518999999999
North Macedonia,0.0,2.9890834799999997,2.9890834799999997,0.0,0.0,2.9890834799999997
North Macedonia,0.0,5.6657843219999995,5.6657843219999995,0.0,0.0,5.6657843219999995
North Macedonia,0.0,5.7626914299999985,5.7626914299999985,0.0,0.0,5.7626914299999985
North Macedonia,0.0233324,0.0233324,0.0,0.0233324,0.0,0.0233324
North Macedonia,0.0428906,0.0428906,0.0,0.0428906,0.0,0.0428906
North Macedonia,0.0898834,0.0898834,0.0,0.0898834,0.0,0.0898834
North Macedonia,0.5417851999999999,0.5417851999999999,0.0,0.5417851999999999,0.0,0.5417851999999999
North Macedonia,1.2854119999999998,1.2854119999999998,0.0,1.2854119999999998,0.0,1.2854119999999998
North Macedonia,6.16018564,6.16018564,0.0,0.0,6.16018564,6.16018564
Pakistan,0.0,1.98413532,1.98413532,0.0,0.0,1.98413532
Pakistan,0.0,2.7585837000000004,2.7585837000000004,0.0,0.0,2.7585837000000004
Pakistan,0.0,21.169832180000004,21.169832180000004,0.0,0.0,21.169832180000004
Pakistan,0.0,29.54900003,29.54900003,0.0,0.0,29.54900003
Pakistan,0.1276199999999998,0.1276199999999998,0.0,0.1276199999999998,0.0,0.1276199999999998
Pakistan,6.707771999999999,6.707771999999999,0.0,6.707771999999999,0.0,6.707771999999999
Pakistan,12.39304788,12.39304788,0.0,12.39304788,0.0,12.39304788
Pakistan,25.01888,25.01888,0.0,25.01888,0.0,25.01888
Pakistan,51.28803811,51.28803811,0.0,51.28803811,0.0,51.28803811
Pakistan,112.08239279999998,112.08239279999998,0.0,112.08239279999998,0.0,112.08239279999998
Pakistan,135.9009583386,135.9009583386,0.0,0.0,135.9009583386,135.9009583386
Pakistan,161.102404832,161.102404832,0.0,161.102404832,0.0,161.102404832
Palau,0.0,0.010331,0.010331,0.0,0.0,0.010331
Palau,0.0,0.203696,0.203696,0.0,0.0,0.203696
Palau,0.0,1.1277059999999997,1.1277059999999997,0.0,0.0,1.1277059999999997
Palau,0.109214,0.109214,0.0,0.109214,0.0,0.109214
Palau,0.4465986,0.4465986,0.0,0.4465986,0.0,0.4465986
Palau,0.5,0.5,0.0,0.5,0.0,0.5
Palau,1.0307997,1.0307997,0.0,0.0,1.0307997,1.0307997
Panama,0.0,0.023960669,0.023960669,0.0,0.0,0.023960669
Panama,0.0,0.2138269149999997,0.2138269149999997,0.0,0.0,0.2138269149999997
Panama,0.0,0.40162359999999964,0.40162359999999964,0.0,0.0,0.40162359999999964
Panama,0.0,0.8324120999999998,0.8324120999999998,0.0,0.0,0.8324120999999998
Panama,0.0069025,0.0069025,0.0,0.0069025,0.0,0.0069025
Panama,0.0513670999999999,0.0513670999999999,0.0,0.0513670999999999,0.0,0.0513670999999999
Panama,0.30222,0.30222,0.0,0.30222,0.0,0.30222
Panama,0.41810607,0.41810607,0.0,0.41810607,0.0,0.41810607
Panama,0.5807446,0.5807446,0.0,0.5807446,0.0,0.5807446
Panama,0.7939210000000001,0.7939210000000001,0.0,0.7939210000000001,0.0,0.7939210000000001
Panama,1.2999671999999995,1.2999671999999995,0.0,0.0,1.2999671999999995,1.2999671999999995
Papua New Guinea,0.0,0.7975011999999999,0.7975011999999999,0.0,0.0,0.7975011999999999
Papua New Guinea,0.0,2.5161527,2.5161527,0.0,0.0,2.5161527
Papua New Guinea,0.0,2.7466129999999995,2.7466129999999995,0.0,0.0,2.7466129999999995
Papua New Guinea,0.0,3.3320531699999996,3.3320531699999996,0.0,0.0,3.3320531699999996
Papua New Guinea,0.15084221,0.15084221,0.0,0.15084221,0.0,0.15084221
Papua New Guinea,0.2184161,0.2184161,0.0,0.2184161,0.0,0.2184161
Papua New Guinea,1.8151169999999999,1.8151169999999999,0.0,1.8151169999999999,0.0,1.8151169999999999
Papua New Guinea,14.6599328,14.6599328,0.0,14.6599328,0.0,14.6599328
Papua New Guinea,23.359087824,23.359087824,0.0,0.0,23.359087824,23.359087824
Paraguay,0.0,0.0,0.0,0.0,0.0,0.0
Paraguay,0.0,0.52100459,0.52100459,0.0,0.0,0.52100459
Paraguay,0.0,1.1829783299999999,1.1829783299999999,0.0,0.0,1.1829783299999999
Paraguay,0.0,2.351402298,2.351402298,0.0,0.0,2.351402298
Paraguay,0.0,7.8669901369999975,7.8669901369999975,0.0,0.0,7.8669901369999975
Paraguay,0.150971,0.150971,0.0,0.150971,0.0,0.150971
Paraguay,0.6343356,0.6343356,0.0,0.6343356,0.0,0.6343356
Paraguay,2.59469828,2.59469828,0.0,0.0,2.59469828,2.59469828
Peru,0.0,21.952001266999996,21.952001266999996,0.0,0.0,21.952001266999996
Peru,0.0,33.841366959999995,33.841366959999995,0.0,0.0,33.841366959999995
Peru,0.0,51.668980028000014,51.668980028000014,0.0,0.0,51.668980028000014
Peru,0.0,236.94563321,236.94563321,0.0,0.0,236.94563321
Peru,0.12423990000000001,0.12423990000000001,0.0,0.12423990000000001,0.0,0.12423990000000001
Peru,0.1457613899999999,0.1457613899999999,0.0,0.1457613899999999,0.0,0.1457613899999999
Peru,0.5890893299999997,0.5890893299999997,0.0,0.5890893299999997,0.0,0.5890893299999997
Peru,1.3985800000000002,1.3985800000000002,0.0,1.3985800000000002,0.0,1.3985800000000002
Peru,1.4975103399999998,1.4975103399999998,0.0,1.4975103399999998,0.0,1.4975103399999998
Peru,33.294124999999994,33.294124999999994,0.0,33.294124999999994,0.0,33.294124999999994
Peru,55.798336455,55.798336455,0.0,55.798336455,0.0,55.798336455
Peru,81.02136971400002,81.02136971400002,0.0,0.0,81.02136971400002,81.02136971400002
Philippines,0.0,24.39575682,24.39575682,0.0,0.0,24.39575682
Philippines,0.0,45.423591101,45.423591101,0.0,0.0,45.423591101
Philippines,0.0,59.97583335,59.97583335,0.0,0.0,59.97583335
Philippines,0.0,504.88535780999996,504.88535780999996,0.0,0.0,504.88535780999996
Philippines,0.0148563,0.0148563,0.0,0.0148563,0.0,0.0148563
Philippines,0.10445207999999989,0.10445207999999989,0.0,0.10445207999999989,0.0,0.10445207999999989
Philippines,0.1129109999999999,0.1129109999999999,0.0,0.1129109999999999,0.0,0.1129109999999999
Philippines,0.6334811099999998,0.6334811099999998,0.0,0.6334811099999998,0.0,0.6334811099999998
Philippines,0.8783770999999999,0.8783770999999999,0.0,0.8783770999999999,0.0,0.8783770999999999
Philippines,3.46010495,3.46010495,0.0,3.46010495,0.0,3.46010495
Philippines,7.24730697,7.24730697,0.0,7.24730697,0.0,7.24730697
Philippines,262.273157715,262.273157715,0.0,0.0,262.273157715,262.273157715
Rwanda,0.0,3.4848747099999997,3.4848747099999997,0.0,0.0,3.4848747099999997
Rwanda,0.0,5.5542317400000005,5.5542317400000005,0.0,0.0,5.5542317400000005
Rwanda,0.0,7.3699373,7.3699373,0.0,0.0,7.3699373
Rwanda,0.0,17.84675475,17.84675475,0.0,0.0,17.84675475
Rwanda,0.0535670999999999,0.0535670999999999,0.0,0.0535670999999999,0.0,0.0535670999999999
Rwanda,0.94469055,0.94469055,0.0,0.94469055,0.0,0.94469055
Rwanda,1.1786975,1.1786975,0.0,1.1786975,0.0,1.1786975
Rwanda,1.3125,1.3125,0.0,1.3125,0.0,1.3125
Rwanda,2.5290429999999997,2.5290429999999997,0.0,2.5290429999999997,0.0,2.5290429999999997
Rwanda,7.1600231,7.1600231,0.0,7.1600231,0.0,7.1600231
Rwanda,10.223485879999998,10.223485879999998,0.0,10.223485879999998,0.0,10.223485879999998
Rwanda,52.36381361000001,52.36381361000001,0.0,0.0,52.36381361000001,52.36381361000001
Saint Helena,0.0,0.8782233999999999,0.8782233999999999,0.0,0.0,0.8782233999999999
Saint Helena,0.0,2.20586,2.20586,0.0,0.0,2.20586
Saint Helena,0.0,8.999457920000001,8.999457920000001,0.0,0.0,8.999457920000001
Saint Helena,0.0,74.665667258,74.665667258,0.0,0.0,74.665667258
Saint Helena,0.0906119759999999,0.0906119759999999,0.0,0.0906119759999999,0.0,0.0906119759999999
Saint Helena,0.1332023999999997,0.1332023999999997,0.0,0.0,0.1332023999999997,0.1332023999999997
Saint Lucia,0.197086127,0.197086127,0.0,0.0,0.197086127,0.197086127
Saint Lucia,0.32762979999999997,0.32762979999999997,0.0,0.32762979999999997,0.0,0.32762979999999997
Saint Lucia,0.4890190999999998,0.4890190999999998,0.0,0.4890190999999998,0.0,0.4890190999999998
Saint Vincent and the Grenadines,0.0,0.0,0.0,0.0,0.0,0.0
Saint Vincent and the Grenadines,0.0,0.0232119999999999,0.0232119999999999,0.0,0.0,0.0232119999999999
Saint Vincent and the Grenadines,0.0,0.03524104,0.03524104,0.0,0.0,0.03524104
Saint Vincent and the Grenadines,0.1521487999999998,0.1521487999999998,0.0,0.1521487999999998,0.0,0.1521487999999998
Saint Vincent and the Grenadines,0.7380895999999999,0.7380895999999999,0.0,0.0,0.7380895999999999,0.7380895999999999
Saint Vincent and the Grenadines,2.8024662,2.8024662,0.0,2.8024662,0.0,2.8024662
Samoa,0.0,0.0221166,0.0221166,0.0,0.0,0.0221166
Samoa,0.0,0.05298,0.05298,0.0,0.0,0.05298
Samoa,0.0,0.5818346999999999,0.5818346999999999,0.0,0.0,0.5818346999999999
Samoa,0.0,0.6225760699999998,0.6225760699999998,0.0,0.0,0.6225760699999998
Samoa,0.0298797,0.0298797,0.0,0.0298797,0.0,0.0298797
Samoa,2.8851199999999997,2.8851199999999997,0.0,2.8851199999999997,0.0,2.8851199999999997
Samoa,16.550463099999998,16.550463099999998,0.0,0.0,16.550463099999998,16.550463099999998
Sao Tome and Principe,0.0,0.1166589999999999,0.1166589999999999,0.0,0.0,0.1166589999999999
Sao Tome and Principe,0.0,0.1285406099999999,0.1285406099999999,0.0,0.0,0.1285406099999999
Sao Tome and Principe,0.0,0.7413220999999997,0.7413220999999997,0.0,0.0,0.7413220999999997
Sao Tome and Principe,0.020982,0.020982,0.0,0.0,0.020982,0.020982
Sao Tome and Principe,0.0236044,0.0236044,0.0,0.0236044,0.0,0.0236044
Sao Tome and Principe,0.0724327999999999,0.0724327999999999,0.0,0.0724327999999999,0.0,0.0724327999999999
Sao Tome and Principe,0.0797876999999999,0.0797876999999999,0.0,0.0797876999999999,0.0,0.0797876999999999
Sao Tome and Principe,0.291392,0.291392,0.0,0.291392,0.0,0.291392
Sao Tome and Principe,1.686947,1.686947,0.0,1.686947,0.0,1.686947
Senegal,0.0,1.82926303,1.82926303,0.0,0.0,1.82926303
Senegal,0.0,8.508494250999998,8.508494250999998,0.0,0.0,8.508494250999998
Senegal,0.0,29.215448317,29.215448317,0.0,0.0,29.215448317
Senegal,0.0,36.68609588148,36.68609588148,0.0,0.0,36.68609588148
Senegal,0.04013878,0.04013878,0.0,0.04013878,0.0,0.04013878
Senegal,0.47730278000000004,0.47730278000000004,0.0,0.47730278000000004,0.0,0.47730278000000004
Senegal,0.99808042,0.99808042,0.0,0.99808042,0.0,0.99808042
Senegal,6.285365221000003,6.285365221000003,0.0,6.285365221000003,0.0,6.285365221000003
Senegal,11.29607052,11.29607052,0.0,11.29607052,0.0,11.29607052
Senegal,25.7739235311,25.7739235311,0.0,0.0,25.7739235311,25.7739235311
Senegal,47.04864187,47.04864187,0.0,47.04864187,0.0,47.04864187
Serbia,0.0,6.652000254000001,6.652000254000001,0.0,0.0,6.652000254000001
Serbia,0.0,7.343168929999999,7.343168929999999,0.0,0.0,7.343168929999999
Serbia,0.0,12.601903799999999,12.601903799999999,0.0,0.0,12.601903799999999
Serbia,0.0,19.793630672,19.793630672,0.0,0.0,19.793630672
Serbia,0.0178708,0.0178708,0.0,0.0178708,0.0,0.0178708
Serbia,0.0310190599999999,0.0310190599999999,0.0,0.0310190599999999,0.0,0.0310190599999999
Serbia,3.0563226059999993,3.0563226059999993,0.0,0.0,3.0563226059999993,3.0563226059999993
Serbia,5.463250400000001,5.463250400000001,0.0,5.463250400000001,0.0,5.463250400000001
Serbia,8.960032,8.960032,0.0,8.960032,0.0,8.960032
Serbia,11.92464632,11.92464632,0.0,11.92464632,0.0,11.92464632
Serbia,115.82263218999998,115.82263218999998,0.0,115.82263218999998,0.0,115.82263218999998
Serbia,192.68066228,192.68066228,0.0,192.68066228,0.0,192.68066228
Seychelles,0.0,0.000302335,0.000302335,0.0,0.0,0.000302335
Seychelles,0.0,0.0380921,0.0380921,0.0,0.0,0.0380921
Seychelles,0.0,0.2874083999999999,0.2874083999999999,0.0,0.0,0.2874083999999999
Seychelles,0.0,0.4990802799999998,0.4990802799999998,0.0,0.0,0.4990802799999998
Seychelles,0.00692879,0.00692879,0.0,0.0,0.00692879,0.00692879
Seychelles,0.2301664,0.2301664,0.0,0.2301664,0.0,0.2301664
Sierra Leone,0.0,0.2335678599999999,0.2335678599999999,0.0,0.0,0.2335678599999999
Sierra Leone,0.0,0.4772849899999998,0.4772849899999998,0.0,0.0,0.4772849899999998
Sierra Leone,0.0,0.9395802099999997,0.9395802099999997,0.0,0.0,0.9395802099999997
Sierra Leone,0.0,1.9668937,1.9668937,0.0,0.0,1.9668937
Sierra Leone,0.016909,0.016909,0.0,0.016909,0.0,0.016909
Sierra Leone,0.026461369999999998,0.026461369999999998,0.0,0.026461369999999998,0.0,0.026461369999999998
Sierra Leone,0.36421,0.36421,0.0,0.36421,0.0,0.36421
Sierra Leone,7.3038863,7.3038863,0.0,7.3038863,0.0,7.3038863
Sierra Leone,9.369368269999999,9.369368269999999,0.0,0.0,9.369368269999999,9.369368269999999
Sierra Leone,41.0373064,41.0373064,0.0,41.0373064,0.0,41.0373064
Solomon Islands,0.0,0.665401,0.665401,0.0,0.0,0.665401
Solomon Islands,0.0,1.1567008099999998,1.1567008099999998,0.0,0.0,1.1567008099999998
Solomon Islands,0.0,5.453055000000001,5.453055000000001,0.0,0.0,5.453055000000001
Solomon Islands,0.0284212,0.0284212,0.0,0.0284212,0.0,0.0284212
Solomon Islands,0.035027699999999995,0.035027699999999995,0.0,0.035027699999999995,0.0,0.035027699999999995
Solomon Islands,1.13250205,1.13250205,0.0,1.13250205,0.0,1.13250205
Solomon Islands,1.51732,1.51732,0.0,1.51732,0.0,1.51732
Solomon Islands,2.9296889,2.9296889,0.0,2.9296889,0.0,2.9296889
Solomon Islands,4.3352587,4.3352587,0.0,0.0,4.3352587,4.3352587
South Africa,0.0,0.7412212100000001,0.7412212100000001,0.0,0.0,0.7412212100000001
South Africa,0.0,1.3457666999999998,1.3457666999999998,0.0,0.0,1.3457666999999998
South Africa,0.0,8.695758279999998,8.695758279999998,0.0,0.0,8.695758279999998
South Africa,0.0,105.96830498800001,105.96830498800001,0.0,0.0,105.96830498800001
South Africa,0.0698085,0.0698085,0.0,0.0698085,0.0,0.0698085
South Africa,0.35288,0.35288,0.0,0.35288,0.0,0.35288
South Africa,2.6945233899999996,2.6945233899999996,0.0,2.6945233899999996,0.0,2.6945233899999996
South Africa,8.379154689999998,8.379154689999998,0.0,8.379154689999998,0.0,8.379154689999998
South Africa,22.23395119496,22.23395119496,0.0,22.23395119496,0.0,22.23395119496
South Africa,33.20209851,33.20209851,0.0,33.20209851,0.0,33.20209851
South Africa,34.533574869999995,34.533574869999995,0.0,0.0,34.533574869999995,34.533574869999995
South Africa,456.7890519590451,456.7890519590451,0.0,456.7890519590451,0.0,456.7890519590451
South Sudan,0.0,0.8295379999999997,0.8295379999999997,0.0,0.0,0.8295379999999997
South Sudan,0.0,1.5734,1.5734,0.0,0.0,1.5734
South Sudan,0.0,7.4675925,7.4675925,0.0,0.0,7.4675925
South Sudan,0.0,22.01839012,22.01839012,0.0,0.0,22.01839012
South Sudan,0.0347066,0.0347066,0.0,0.0347066,0.0,0.0347066
South Sudan,0.6661946039999999,0.6661946039999999,0.0,0.6661946039999999,0.0,0.6661946039999999
South Sudan,161.4394519,161.4394519,0.0,0.0,161.4394519,161.4394519
Sri Lanka,0.0,0.0497996,0.0497996,0.0,0.0,0.0497996
Sri Lanka,0.0,1.0197385369999998,1.0197385369999998,0.0,0.0,1.0197385369999998
Sri Lanka,0.0,1.0648984899999998,1.0648984899999998,0.0,0.0,1.0648984899999998
Sri Lanka,0.0,3.6900248099999997,3.6900248099999997,0.0,0.0,3.6900248099999997
Sri Lanka,0.005148,0.005148,0.0,0.005148,0.0,0.005148
Sri Lanka,0.0117959,0.0117959,0.0,0.0117959,0.0,0.0117959
Sri Lanka,0.0670630999999999,0.0670630999999999,0.0,0.0670630999999999,0.0,0.0670630999999999
Sri Lanka,1.0489231199999998,1.0489231199999998,0.0,1.0489231199999998,0.0,1.0489231199999998
Sri Lanka,1.9097782999999997,1.9097782999999997,0.0,1.9097782999999997,0.0,1.9097782999999997
Sri Lanka,16.985816779999997,16.985816779999997,0.0,0.0,16.985816779999997,16.985816779999997
Sri Lanka,24.98364,24.98364,0.0,24.98364,0.0,24.98364
Sri Lanka,28.6225125,28.6225125,0.0,28.6225125,0.0,28.6225125
Sudan,0.0,0.336484,0.336484,0.0,0.0,0.336484
Sudan,0.0,2.33354191,2.33354191,0.0,0.0,2.33354191
Sudan,0.0,2.595364,2.595364,0.0,0.0,2.595364
Sudan,0.0,5.459818,5.459818,0.0,0.0,5.459818
Sudan,0.0742811,0.0742811,0.0,0.0742811,0.0,0.0742811
Sudan,0.4329329,0.4329329,0.0,0.4329329,0.0,0.4329329
Sudan,2.15867722,2.15867722,0.0,2.15867722,0.0,2.15867722
Sudan,20.044822239000002,20.044822239000002,0.0,0.0,20.044822239000002,20.044822239000002
Suriname,0.0,0.0,0.0,0.0,0.0,0.0
Suriname,0.0,0.00671255,0.00671255,0.0,0.0,0.00671255
Suriname,0.0,0.314002889,0.314002889,0.0,0.0,0.314002889
Suriname,0.1061589999999999,0.1061589999999999,0.0,0.1061589999999999,0.0,0.1061589999999999
Suriname,0.6920523199999997,0.6920523199999997,0.0,0.0,0.6920523199999997,0.6920523199999997
Suriname,0.9600410999999998,0.9600410999999998,0.0,0.9600410999999998,0.0,0.9600410999999998
Tajikistan,0.0,0.3571762,0.3571762,0.0,0.0,0.3571762
Tajikistan,0.0,0.5898442,0.5898442,0.0,0.0,0.5898442
Tajikistan,0.0,1.5750009079999998,1.5750009079999998,0.0,0.0,1.5750009079999998
Tajikistan,0.0,4.4653075,4.4653075,0.0,0.0,4.4653075
Tajikistan,0.0531857,0.0531857,0.0,0.0531857,0.0,0.0531857
Tajikistan,0.0682134,0.0682134,0.0,0.0682134,0.0,0.0682134
Tajikistan,0.084514,0.084514,0.0,0.084514,0.0,0.084514
Tajikistan,1.03976947,1.03976947,0.0,1.03976947,0.0,1.03976947
Tajikistan,9.4774099,9.4774099,0.0,9.4774099,0.0,9.4774099
Tajikistan,19.904566097,19.904566097,0.0,0.0,19.904566097,19.904566097
Tanzania,0.0,12.8007698,12.8007698,0.0,0.0,12.8007698
Tanzania,0.0,17.521607550000002,17.521607550000002,0.0,0.0,17.521607550000002
Tanzania,0.0,31.535951249999997,31.535951249999997,0.0,0.0,31.535951249999997
Tanzania,0.0,77.88491862000001,77.88491862000001,0.0,0.0,77.88491862000001
Tanzania,0.235009,0.235009,0.0,0.235009,0.0,0.235009
Tanzania,1.5786434899999995,1.5786434899999995,0.0,1.5786434899999995,0.0,1.5786434899999995
Tanzania,2.9617540399999998,2.9617540399999998,0.0,2.9617540399999998,0.0,2.9617540399999998
Tanzania,3.5325833599999994,3.5325833599999994,0.0,3.5325833599999994,0.0,3.5325833599999994
Tanzania,7.620512659999999,7.620512659999999,0.0,7.620512659999999,0.0,7.620512659999999
Tanzania,7.9520023,7.9520023,0.0,7.9520023,0.0,7.9520023
Tanzania,13.5371865,13.5371865,0.0,13.5371865,0.0,13.5371865
Tanzania,62.04608144000001,62.04608144000001,0.0,62.04608144000001,0.0,62.04608144000001
Tanzania,134.827291239,134.827291239,0.0,0.0,134.827291239,134.827291239
Thailand,0.0,0.324963,0.324963,0.0,0.0,0.324963
Thailand,0.0,1.0889612199999998,1.0889612199999998,0.0,0.0,1.0889612199999998
Thailand,0.0,2.5678505199999995,2.5678505199999995,0.0,0.0,2.5678505199999995
Thailand,0.0,4.038796305,4.038796305,0.0,0.0,4.038796305
Thailand,0.00612792,0.00612792,0.0,0.00612792,0.0,0.00612792
Thailand,0.07047301,0.07047301,0.0,0.07047301,0.0,0.07047301
Thailand,0.09671173999999999,0.09671173999999999,0.0,0.09671173999999999,0.0,0.09671173999999999
Thailand,0.11114352999999991,0.11114352999999991,0.0,0.11114352999999991,0.0,0.11114352999999991
Thailand,0.5399826999999999,0.5399826999999999,0.0,0.5399826999999999,0.0,0.5399826999999999
Thailand,11.58530603,11.58530603,0.0,11.58530603,0.0,11.58530603
Thailand,15.577459480000002,15.577459480000002,0.0,0.0,15.577459480000002,15.577459480000002
Timor-Leste,0.0,0.158191,0.158191,0.0,0.0,0.158191
Timor-Leste,0.0,0.5932031999999998,0.5932031999999998,0.0,0.0,0.5932031999999998
Timor-Leste,0.0,2.1036848999999997,2.1036848999999997,0.0,0.0,2.1036848999999997
Timor-Leste,0.0,4.99281781,4.99281781,0.0,0.0,4.99281781
Timor-Leste,0.0722262,0.0722262,0.0,0.0722262,0.0,0.0722262
Timor-Leste,20.024048262,20.024048262,0.0,0.0,20.024048262,20.024048262
Togo,0.0,0.01445781,0.01445781,0.0,0.0,0.01445781
Togo,0.0,2.1912568599999993,2.1912568599999993,0.0,0.0,2.1912568599999993
Togo,0.0,3.23899277,3.23899277,0.0,0.0,3.23899277
Togo,0.0,5.398452560000001,5.398452560000001,0.0,0.0,5.398452560000001
Togo,0.00268827,0.00268827,0.0,0.00268827,0.0,0.00268827
Togo,0.01730337,0.01730337,0.0,0.01730337,0.0,0.01730337
Togo,0.09314635,0.09314635,0.0,0.09314635,0.0,0.09314635
Togo,0.843526,0.843526,0.0,0.843526,0.0,0.843526
Togo,1.3842809999999997,1.3842809999999997,0.0,0.0,1.3842809999999997,1.3842809999999997
Togo,3.4595048999999998,3.4595048999999998,0.0,3.4595048999999998,0.0,3.4595048999999998
Togo,6.00276927,6.00276927,0.0,6.00276927,0.0,6.00276927
Tokelau,0.7450965999999998,0.7450965999999998,0.0,0.0,0.7450965999999998,0.7450965999999998
Tokelau,1.6469,1.6469,0.0,1.6469,0.0,1.6469
Tonga,0.0,0.040597,0.040597,0.0,0.0,0.040597
Tonga,0.0,0.0494324,0.0494324,0.0,0.0,0.0494324
Tonga,0.0,0.099296,0.099296,0.0,0.0,0.099296
Tonga,0.03135892,0.03135892,0.0,0.03135892,0.0,0.03135892
Tonga,0.32855084999999995,0.32855084999999995,0.0,0.32855084999999995,0.0,0.32855084999999995
Tonga,0.7301710999999999,0.7301710999999999,0.0,0.7301710999999999,0.0,0.7301710999999999
Tonga,2.9381914,2.9381914,0.0,2.9381914,0.0,2.9381914
Tonga,3.0474606999999994,3.0474606999999994,0.0,0.0,3.0474606999999994,3.0474606999999994
Tonga,5.7673000000000005,5.7673000000000005,0.0,5.7673000000000005,0.0,5.7673000000000005
Tonga,18.67029,18.67029,0.0,18.67029,0.0,18.67029
Tunisia,0.0,0.54032193,0.54032193,0.0,0.0,0.54032193
Tunisia,0.0,13.28599478,13.28599478,0.0,0.0,13.28599478
Tunisia,0.0,47.40894138199999,47.40894138199999,0.0,0.0,47.40894138199999
Tunisia,0.0,131.68938685,131.68938685,0.0,0.0,131.68938685
Tunisia,0.0322843899999999,0.0322843899999999,0.0,0.0322843899999999,0.0,0.0322843899999999
Tunisia,0.0516127,0.0516127,0.0,0.0516127,0.0,0.0516127
Tunisia,0.263032,0.263032,0.0,0.263032,0.0,0.263032
Tunisia,1.0087932999999998,1.0087932999999998,0.0,1.0087932999999998,0.0,1.0087932999999998
Tunisia,2.03319226,2.03319226,0.0,2.03319226,0.0,2.03319226
Tunisia,16.28089584,16.28089584,0.0,16.28089584,0.0,16.28089584
Tunisia,29.127253,29.127253,0.0,29.127253,0.0,29.127253
Tunisia,56.25382256,56.25382256,0.0,0.0,56.25382256,56.25382256
Turkey,0.0,0.0,0.0,0.0,0.0,0.0
Turkey,0.0,0.01353257,0.01353257,0.0,0.0,0.01353257
Turkey,0.0,29.618381929999998,29.618381929999998,0.0,0.0,29.618381929999998
Turkey,0.0,35.194506479999994,35.194506479999994,0.0,0.0,35.194506479999994
Turkey,0.0,200.98504381,200.98504381,0.0,0.0,200.98504381
Turkey,0.0075,0.0075,0.0,0.0075,0.0,0.0075
Turkey,0.090346,0.090346,0.0,0.090346,0.0,0.090346
Turkey,0.1943050499999999,0.1943050499999999,0.0,0.1943050499999999,0.0,0.1943050499999999
Turkey,0.44049499999999997,0.44049499999999997,0.0,0.44049499999999997,0.0,0.44049499999999997
Turkey,4.73801695,4.73801695,0.0,4.73801695,0.0,4.73801695
Turkey,41.31397975,41.31397975,0.0,41.31397975,0.0,41.31397975
Turkey,109.12708439800001,109.12708439800001,0.0,109.12708439800001,0.0,109.12708439800001
Turkey,169.43390902,169.43390902,0.0,0.0,169.43390902,169.43390902
Turkmenistan,0.0,0.0203025,0.0203025,0.0,0.0,0.0203025
Turkmenistan,0.0,0.0776618999999999,0.0776618999999999,0.0,0.0,0.0776618999999999
Turkmenistan,0.018141,0.018141,0.0,0.018141,0.0,0.018141
Turkmenistan,0.05505,0.05505,0.0,0.05505,0.0,0.05505
Turkmenistan,0.0656168,0.0656168,0.0,0.0,0.0656168,0.0656168
Tuvalu,0.0,0.033035,0.033035,0.0,0.0,0.033035
Tuvalu,0.0,0.099296,0.099296,0.0,0.0,0.099296
Tuvalu,0.0298797,0.0298797,0.0,0.0298797,0.0,0.0298797
Tuvalu,0.5756218999999999,0.5756218999999999,0.0,0.5756218999999999,0.0,0.5756218999999999
Tuvalu,1.1692203999999997,1.1692203999999997,0.0,0.0,1.1692203999999997,1.1692203999999997
Tuvalu,2.4022601,2.4022601,0.0,2.4022601,0.0,2.4022601
Uganda,0.0,1.4151114999999999,1.4151114999999999,0.0,0.0,1.4151114999999999
Uganda,0.0,8.243711409,8.243711409,0.0,0.0,8.243711409
Uganda,0.0,15.860525549999998,15.860525549999998,0.0,0.0,15.860525549999998
Uganda,0.0,35.55177021,35.55177021,0.0,0.0,35.55177021
Uganda,1.21899495,1.21899495,0.0,1.21899495,0.0,1.21899495
Uganda,2.86601881,2.86601881,0.0,2.86601881,0.0,2.86601881
Uganda,6.273849,6.273849,0.0,6.273849,0.0,6.273849
Uganda,6.3043165,6.3043165,0.0,6.3043165,0.0,6.3043165
Uganda,24.284540189999998,24.284540189999998,0.0,24.284540189999998,0.0,24.284540189999998
Uganda,65.51453079000001,65.51453079000001,0.0,65.51453079000001,0.0,65.51453079000001
Uganda,140.90047054270002,140.90047054270002,0.0,0.0,140.90047054270002,140.90047054270002
Ukraine,0.0,0.04672242000000001,0.04672242000000001,0.0,0.0,0.04672242000000001
Ukraine,0.0,4.275090649999999,4.275090649999999,0.0,0.0,4.275090649999999
Ukraine,0.0,11.89114193,11.89114193,0.0,0.0,11.89114193
Ukraine,0.0,13.73354504,13.73354504,0.0,0.0,13.73354504
Ukraine,0.0021969999999999,0.0021969999999999,0.0,0.0021969999999999,0.0,0.0021969999999999
Ukraine,0.4300982999999998,0.4300982999999998,0.0,0.4300982999999998,0.0,0.4300982999999998
Ukraine,0.52690496,0.52690496,0.0,0.52690496,0.0,0.52690496
Ukraine,1.1606158,1.1606158,0.0,1.1606158,0.0,1.1606158
Ukraine,3.8901634299999994,3.8901634299999994,0.0,0.0,3.8901634299999994,3.8901634299999994
Ukraine,14.82554066,14.82554066,0.0,14.82554066,0.0,14.82554066
Ukraine,22.0123737,22.0123737,0.0,22.0123737,0.0,22.0123737
Ukraine,173.19723416,173.19723416,0.0,173.19723416,0.0,173.19723416
Uruguay,0.0,0.0,0.0,0.0,0.0,0.0
Uruguay,0.0,0.0671785599999998,0.0671785599999998,0.0,0.0,0.0671785599999998
Uruguay,0.0,0.263237,0.263237,0.0,0.0,0.263237
Uruguay,0.0,0.5028886769999998,0.5028886769999998,0.0,0.0,0.5028886769999998
Uruguay,0.0180837,0.0180837,0.0,0.0180837,0.0,0.0180837
Uruguay,1.2058613999999999,1.2058613999999999,0.0,0.0,1.2058613999999999,1.2058613999999999
Uzbekistan,0.0,0.6816327299999998,0.6816327299999998,0.0,0.0,0.6816327299999998
Uzbekistan,0.0,0.797541,0.797541,0.0,0.0,0.797541
Uzbekistan,0.0,16.782334999999996,16.782334999999996,0.0,0.0,16.782334999999996
Uzbekistan,0.00407203,0.00407203,0.0,0.00407203,0.0,0.00407203
Uzbekistan,0.00660688,0.00660688,0.0,0.00660688,0.0,0.00660688
Uzbekistan,0.07711813000000001,0.07711813000000001,0.0,0.07711813000000001,0.0,0.07711813000000001
Uzbekistan,0.2505642,0.2505642,0.0,0.2505642,0.0,0.2505642
Uzbekistan,0.4192664339999999,0.4192664339999999,0.0,0.4192664339999999,0.0,0.4192664339999999
Uzbekistan,1.1933980999999996,1.1933980999999996,0.0,0.0,1.1933980999999996,1.1933980999999996
Vanuatu,0.0,0.0,0.0,0.0,0.0,0.0
Vanuatu,0.0,0.006166619999999999,0.006166619999999999,0.0,0.0,0.006166619999999999
Vanuatu,0.0,0.0902641,0.0902641,0.0,0.0,0.0902641
Vanuatu,0.0,0.1607013299999997,0.1607013299999997,0.0,0.0,0.1607013299999997
Vanuatu,0.0298797,0.0298797,0.0,0.0298797,0.0,0.0298797
Vanuatu,0.3090963999999999,0.3090963999999999,0.0,0.3090963999999999,0.0,0.3090963999999999
Vanuatu,0.9797656800000001,0.9797656800000001,0.0,0.9797656800000001,0.0,0.9797656800000001
Vanuatu,1.5742593,1.5742593,0.0,1.5742593,0.0,1.5742593
Vanuatu,5.811514164,5.811514164,0.0,0.0,5.811514164,5.811514164
Viet Nam,0.0,29.47644416,29.47644416,0.0,0.0,29.47644416
Viet Nam,0.0,46.57033589,46.57033589,0.0,0.0,46.57033589
Viet Nam,0.0,76.50027116000001,76.50027116000001,0.0,0.0,76.50027116000001
Viet Nam,0.0,201.440232723,201.440232723,0.0,0.0,201.440232723
Viet Nam,0.0637858,0.0637858,0.0,0.0637858,0.0,0.0637858
Viet Nam,5.75239233,5.75239233,0.0,5.75239233,0.0,5.75239233
Viet Nam,5.793997654,5.793997654,0.0,5.793997654,0.0,5.793997654
Viet Nam,21.969067499999998,21.969067499999998,0.0,21.969067499999998,0.0,21.969067499999998
Viet Nam,38.975800400000004,38.975800400000004,0.0,38.975800400000004,0.0,38.975800400000004
Viet Nam,96.34509628999999,96.34509628999999,0.0,96.34509628999999,0.0,96.34509628999999
Viet Nam,162.94036345,162.94036345,0.0,162.94036345,0.0,162.94036345
Viet Nam,177.28440469999998,177.28440469999998,0.0,177.28440469999998,0.0,177.28440469999998
Viet Nam,470.9391098379999,470.9391098379999,0.0,0.0,470.9391098379999,470.9391098379999
Wallis and Futuna,0.0,0.00145881,0.00145881,0.0,0.0,0.00145881
Wallis and Futuna,0.0,0.39488122999999997,0.39488122999999997,0.0,0.0,0.39488122999999997
Wallis and Futuna,0.0,2.0135511764,2.0135511764,0.0,0.0,2.0135511764
Wallis and Futuna,0.0,2.5804855079999998,2.5804855079999998,0.0,0.0,2.5804855079999998
Wallis and Futuna,0.17889838000000002,0.17889838000000002,0.0,0.0,0.17889838000000002,0.17889838000000002
West Bank and Gaza Strip,0.0,0.40721217,0.40721217,0.0,0.0,0.40721217
West Bank and Gaza Strip,0.0,0.9538858799999999,0.9538858799999999,0.0,0.0,0.9538858799999999
West Bank and Gaza Strip,0.0,7.609579729999999,7.609579729999999,0.0,0.0,7.609579729999999
West Bank and Gaza Strip,0.0,9.19910467,9.19910467,0.0,0.0,9.19910467
West Bank and Gaza Strip,0.05237276,0.05237276,0.0,0.05237276,0.0,0.05237276
West Bank and Gaza Strip,0.0530674,0.0530674,0.0,0.0530674,0.0,0.0530674
West Bank and Gaza Strip,0.22204,0.22204,0.0,0.22204,0.0,0.22204
West Bank and Gaza Strip,0.300711,0.300711,0.0,0.300711,0.0,0.300711
West Bank and Gaza Strip,15.550149960000002,15.550149960000002,0.0,0.0,15.550149960000002,15.550149960000002
West Bank and Gaza Strip,17.800094875,17.800094875,0.0,17.800094875,0.0,17.800094875
West Bank and Gaza Strip,19.64767089,19.64767089,0.0,19.64767089,0.0,19.64767089
West Bank and Gaza Strip,36.357704989999995,36.357704989999995,0.0,36.357704989999995,0.0,36.357704989999995
Yemen,0.0,0.6773809999999999,0.6773809999999999,0.0,0.0,0.6773809999999999
Yemen,0.0,0.9752605999999999,0.9752605999999999,0.0,0.0,0.9752605999999999
Yemen,0.0,3.29684984,3.29684984,0.0,0.0,3.29684984
Yemen,0.0,3.6140190700000003,3.6140190700000003,0.0,0.0,3.6140190700000003
Yemen,4.988802399999999,4.988802399999999,0.0,0.0,4.988802399999999,4.988802399999999
Yemen,11.790107300000003,11.790107300000003,0.0,11.790107300000003,0.0,11.790107300000003
Zambia,0.0,0.0769214669999999,0.0769214669999999,0.0,0.0,0.0769214669999999
Zambia,0.0,7.73564163,7.73564163,0.0,0.0,7.73564163
Zambia,0.0,8.39572672,8.39572672,0.0,0.0,8.39572672
Zambia,0.0,49.83514190999999,49.83514190999999,0.0,0.0,49.83514190999999
Zambia,0.140908,0.140908,0.0,0.140908,0.0,0.140908
Zambia,0.3861615999999999,0.3861615999999999,0.0,0.3861615999999999,0.0,0.3861615999999999
Zambia,0.865032,0.865032,0.0,0.865032,0.0,0.865032
Zambia,0.9447909999999999,0.9447909999999999,0.0,0.9447909999999999,0.0,0.9447909999999999
Zambia,4.988091771,4.988091771,0.0,4.988091771,0.0,4.988091771
Zambia,6.3901108,6.3901108,0.0,6.3901108,0.0,6.3901108
Zambia,11.5497297,11.5497297,0.0,11.5497297,0.0,11.5497297
Zambia,24.652812648999998,24.652812648999998,0.0,24.652812648999998,0.0,24.652812648999998
Zambia,43.38520172,43.38520172,0.0,0.0,43.38520172,43.38520172
Zimbabwe,0.0,0.0510969599999997,0.0510969599999997,0.0,0.0,0.0510969599999997
Zimbabwe,0.0,0.16377042,0.16377042,0.0,0.0,0.16377042
Zimbabwe,0.0,1.9932560299999995,1.9932560299999995,0.0,0.0,1.9932560299999995
Zimbabwe,0.0,14.3353792,14.3353792,0.0,0.0,14.3353792
Zimbabwe,0.20644690000000002,0.20644690000000002,0.0,0.20644690000000002,0.0,0.20644690000000002
Zimbabwe,0.44123979999999985,0.44123979999999985,0.0,0.44123979999999985,0.0,0.44123979999999985
Zimbabwe,2.799828,2.799828,0.0,2.799828,0.0,2.799828
Zimbabwe,8.402970999999999,8.402970999999999,0.0,8.402970999999999,0.0,8.402970999999999
Zimbabwe,107.69552461699999,107.69552461699999,0.0,0.0,107.69552461699999,107.69552461699999
