DonorName,climate_funding,climate finance (including nature),environment_funding,mitigation_funding,adaptation_funding,effective_funding
Australia,0.0,1.39816795,1.39816795,0.0,0.0,1.39816795
Australia,0.0,2.5347918499999995,2.5347918499999995,0.0,0.0,2.5347918499999995
Australia,0.0,7.2695509199999995,7.2695509199999995,0.0,0.0,7.2695509199999995
Australia,0.0,48.1104022449,48.1104022449,0.0,0.0,48.1104022449
Australia,0.09400869999999992,0.09400869999999992,0.0,0.09400869999999992,0.0,0.09400869999999992
Australia,4.612059899999999,4.612059899999999,0.0,4.612059899999999,0.0,4.612059899999999
Australia,6.45536822,6.45536822,0.0,6.45536822,0.0,6.45536822
Australia,14.7358516,14.7358516,0.0,14.7358516,0.0,14.7358516
Australia,28.4514723437,28.4514723437,0.0,28.4514723437,0.0,28.4514723437
Australia,175.75557294200001,175.75557294200001,0.0,0.0,175.75557294200001,175.75557294200001
Austria,0.0,1.31548713,1.31548713,0.0,0.0,1.31548713
Austria,0.0,4.937855412999999,4.937855412999999,0.0,0.0,4.937855412999999
Austria,0.0,14.764416894999998,14.764416894999998,0.0,0.0,14.764416894999998
Austria,0.0,33.70661723199999,33.70661723199999,0.0,0.0,33.70661723199999
Austria,0.02601885,0.02601885,0.0,0.02601885,0.0,0.02601885
Austria,0.1788108799999999,0.1788108799999999,0.0,0.1788108799999999,0.0,0.1788108799999999
Austria,2.31867502,2.31867502,0.0,2.31867502,0.0,2.31867502
Austria,6.67142439,6.67142439,0.0,6.67142439,0.0,6.67142439
Austria,8.04492612,8.04492612,0.0,8.04492612,0.0,8.04492612
Austria,14.572032829999998,14.572032829999998,0.0,14.572032829999998,0.0,14.572032829999998
Austria,29.86051141,29.86051141,0.0,29.86051141,0.0,29.86051141
Austria,50.551957197,50.551957197,0.0,50.551957197,0.0,50.551957197
Austria,56.401401053,56.401401053,0.0,0.0,56.401401053,56.401401053
Azerbaijan,0.0,0.37824,0.37824,0.0,0.0,0.37824
Belgium,0.0,0.0,0.0,0.0,0.0,0.0
Belgium,0.0,2.83885062,2.83885062,0.0,0.0,2.83885062
Belgium,0.0,10.383558602999999,10.383558602999999,0.0,0.0,10.383558602999999
Belgium,0.0,39.90917582,39.90917582,0.0,0.0,39.90917582
Belgium,0.0,138.40234153,138.40234153,0.0,0.0,138.40234153
Belgium,0.1129109999999999,0.1129109999999999,0.0,0.1129109999999999,0.0,0.1129109999999999
Belgium,0.6667737999999999,0.6667737999999999,0.0,0.6667737999999999,0.0,0.6667737999999999
Belgium,2.1326994,2.1326994,0.0,2.1326994,0.0,2.1326994
Belgium,3.5955988999999997,3.5955988999999997,0.0,3.5955988999999997,0.0,3.5955988999999997
Belgium,5.914305000000001,5.914305000000001,0.0,5.914305000000001,0.0,5.914305000000001
Belgium,8.075623366,8.075623366,0.0,8.075623366,0.0,8.075623366
Belgium,138.70180283,138.70180283,0.0,0.0,138.70180283,138.70180283
Belgium,140.3903627,140.3903627,0.0,140.3903627,0.0,140.3903627
Canada,0.0,5.673631902,5.673631902,0.0,0.0,5.673631902
Canada,0.0,6.2689062,6.2689062,0.0,0.0,6.2689062
Canada,0.0,58.934306413358,58.934306413358,0.0,0.0,58.934306413358
Canada,0.0,89.83932548748,89.83932548748,0.0,0.0,89.83932548748
Canada,0.054775500000000005,0.054775500000000005,0.0,0.054775500000000005,0.0,0.054775500000000005
Canada,0.20644690000000002,0.20644690000000002,0.0,0.20644690000000002,0.0,0.20644690000000002
Canada,0.758532,0.758532,0.0,0.758532,0.0,0.758532
Canada,7.686273389999998,7.686273389999998,0.0,7.686273389999998,0.0,7.686273389999998
Canada,164.4465823419999,164.4465823419999,0.0,164.4465823419999,0.0,164.4465823419999
Canada,228.71623039140002,228.71623039140002,0.0,228.71623039140002,0.0,228.71623039140002
Canada,477.9715798646996,477.9715798646996,0.0,0.0,477.9715798646996,477.9715798646996
Croatia,0.0,0.00237,0.00237,0.0,0.0,0.00237
Croatia,0.0,0.026647,0.026647,0.0,0.0,0.026647
Croatia,0.0,0.0278019999999999,0.0278019999999999,0.0,0.0,0.0278019999999999
Croatia,0.0,0.154217,0.154217,0.0,0.0,0.154217
Croatia,0.020908,0.020908,0.0,0.020908,0.0,0.020908
Croatia,0.4631082999999998,0.4631082999999998,0.0,0.0,0.4631082999999998,0.4631082999999998
Czech Republic,0.0,0.3753325899999998,0.3753325899999998,0.0,0.0,0.3753325899999998
Czech Republic,0.0,1.2675986499999996,1.2675986499999996,0.0,0.0,1.2675986499999996
Czech Republic,0.0,5.19942629,5.19942629,0.0,0.0,5.19942629
Czech Republic,0.0,9.864803479999999,9.864803479999999,0.0,0.0,9.864803479999999
Czech Republic,0.0346571999999999,0.0346571999999999,0.0,0.0346571999999999,0.0,0.0346571999999999
Czech Republic,0.04115436,0.04115436,0.0,0.04115436,0.0,0.04115436
Czech Republic,0.0594329,0.0594329,0.0,0.0594329,0.0,0.0594329
Czech Republic,0.1690677199999998,0.1690677199999998,0.0,0.1690677199999998,0.0,0.1690677199999998
Czech Republic,0.49398997999999994,0.49398997999999994,0.0,0.49398997999999994,0.0,0.49398997999999994
Czech Republic,0.6654243599999996,0.6654243599999996,0.0,0.6654243599999996,0.0,0.6654243599999996
Czech Republic,1.4526589699999999,1.4526589699999999,0.0,1.4526589699999999,0.0,1.4526589699999999
Czech Republic,1.6701431299999996,1.6701431299999996,0.0,1.6701431299999996,0.0,1.6701431299999996
Czech Republic,2.780779989999999,2.780779989999999,0.0,0.0,2.780779989999999,2.780779989999999
Denmark,0.0,0.0,0.0,0.0,0.0,0.0
Denmark,0.0,2.0430515999999996,2.0430515999999996,0.0,0.0,2.0430515999999996
Denmark,0.0,6.962943330000001,6.962943330000001,0.0,0.0,6.962943330000001
Denmark,0.0,32.456299209,32.456299209,0.0,0.0,32.456299209
Denmark,0.0,114.65635629177999,114.65635629177999,0.0,0.0,114.65635629177999
Denmark,0.5118186999999998,0.5118186999999998,0.0,0.5118186999999998,0.0,0.5118186999999998
Denmark,4.22602933,4.22602933,0.0,4.22602933,0.0,4.22602933
Denmark,18.207954330000003,18.207954330000003,0.0,18.207954330000003,0.0,18.207954330000003
Denmark,28.32100665,28.32100665,0.0,28.32100665,0.0,28.32100665
Denmark,65.03183899999999,65.03183899999999,0.0,65.03183899999999,0.0,65.03183899999999
Denmark,98.23989202000001,98.23989202000001,0.0,98.23989202000001,0.0,98.23989202000001
Denmark,142.1188793608,142.1188793608,0.0,0.0,142.1188793608,142.1188793608
Estonia,0.0,0.1070328899999999,0.1070328899999999,0.0,0.0,0.1070328899999999
Estonia,0.0,0.110961965,0.110961965,0.0,0.0,0.110961965
Estonia,0.0,0.27124046,0.27124046,0.0,0.0,0.27124046
Estonia,0.0,0.5852779999999997,0.5852779999999997,0.0,0.0,0.5852779999999997
Estonia,0.0430122599999999,0.0430122599999999,0.0,0.0430122599999999,0.0,0.0430122599999999
Estonia,0.2253065999999999,0.2253065999999999,0.0,0.2253065999999999,0.0,0.2253065999999999
Estonia,0.3185591699999999,0.3185591699999999,0.0,0.0,0.3185591699999999,0.3185591699999999
Estonia,1.272999,1.272999,0.0,1.272999,0.0,1.272999
Finland,0.0,3.031730861999999,3.031730861999999,0.0,0.0,3.031730861999999
Finland,0.0,7.0034526847,7.0034526847,0.0,0.0,7.0034526847
Finland,0.0,20.552518453099996,20.552518453099996,0.0,0.0,20.552518453099996
Finland,0.0,100.97115368899999,100.97115368899999,0.0,0.0,100.97115368899999
Finland,0.5533827999999998,0.5533827999999998,0.0,0.5533827999999998,0.0,0.5533827999999998
Finland,1.4799811959999998,1.4799811959999998,0.0,1.4799811959999998,0.0,1.4799811959999998
Finland,1.5461128809999996,1.5461128809999996,0.0,1.5461128809999996,0.0,1.5461128809999996
Finland,10.1089115,10.1089115,0.0,10.1089115,0.0,10.1089115
Finland,10.69218677,10.69218677,0.0,10.69218677,0.0,10.69218677
Finland,24.7087927,24.7087927,0.0,24.7087927,0.0,24.7087927
Finland,45.45331140899999,45.45331140899999,0.0,0.0,45.45331140899999,45.45331140899999
Finland,133.67879402,133.67879402,0.0,133.67879402,0.0,133.67879402
France,0.0,71.489488244,71.489488244,0.0,0.0,71.489488244
France,0.0,281.774471412,281.774471412,0.0,0.0,281.774471412
France,0.0,333.8090408819996,333.8090408819996,0.0,0.0,333.8090408819996
France,0.0,990.0734864103998,990.0734864103998,0.0,0.0,990.0734864103998
France,0.0123139,0.0123139,0.0,0.0123139,0.0,0.0123139
France,7.178282848,7.178282848,0.0,7.178282848,0.0,7.178282848
France,27.42907194,27.42907194,0.0,27.42907194,0.0,27.42907194
France,79.21589737000001,79.21589737000001,0.0,79.21589737000001,0.0,79.21589737000001
France,134.6252740071944,134.6252740071944,0.0,134.6252740071944,0.0,134.6252740071944
France,178.41752615000001,178.41752615000001,0.0,178.41752615000001,0.0,178.41752615000001
France,249.40089769099998,249.40089769099998,0.0,249.40089769099998,0.0,249.40089769099998
France,840.4751109169999,840.4751109169999,0.0,840.4751109169999,0.0,840.4751109169999
France,1065.4378633759998,1065.4378633759998,0.0,0.0,1065.4378633759998,1065.4378633759998
France,1140.90596686,1140.90596686,0.0,1140.90596686,0.0,1140.90596686
Germany,0.0,697.83732994,697.83732994,0.0,0.0,697.83732994
Germany,0.0,704.5021387700001,704.5021387700001,0.0,0.0,704.5021387700001
Germany,0.0,1735.1273728300005,1735.1273728300005,0.0,0.0,1735.1273728300005
Germany,0.0,1879.2072090600007,1879.2072090600007,0.0,0.0,1879.2072090600007
Germany,0.0270144,0.0270144,0.0,0.0270144,0.0,0.0270144
Germany,62.66918259,62.66918259,0.0,62.66918259,0.0,62.66918259
Germany,75.42635156999998,75.42635156999998,0.0,75.42635156999998,0.0,75.42635156999998
Germany,264.06803267,264.06803267,0.0,264.06803267,0.0,264.06803267
Germany,368.37379737,368.37379737,0.0,368.37379737,0.0,368.37379737
Germany,962.8029939700001,962.8029939700001,0.0,962.8029939700001,0.0,962.8029939700001
Germany,1209.4496487499996,1209.4496487499996,0.0,1209.4496487499996,0.0,1209.4496487499996
Germany,1308.2082562599999,1308.2082562599999,0.0,1308.2082562599999,0.0,1308.2082562599999
Germany,2630.1443839499984,2630.1443839499984,0.0,0.0,2630.1443839499984,2630.1443839499984
Germany,3301.9448785100003,3301.9448785100003,0.0,3301.9448785100003,0.0,3301.9448785100003
Greece,0.0,0.0676361,0.0676361,0.0,0.0,0.0676361
Greece,0.0,0.49201298999999993,0.49201298999999993,0.0,0.0,0.49201298999999993
Greece,0.0,2.257006230999999,2.257006230999999,0.0,0.0,2.257006230999999
Hungary,0.0,0.0407345,0.0407345,0.0,0.0,0.0407345
Hungary,0.0,0.17068265999999999,0.17068265999999999,0.0,0.0,0.17068265999999999
Hungary,0.0,0.29605895,0.29605895,0.0,0.0,0.29605895
Hungary,0.0,0.6403086839999997,0.6403086839999997,0.0,0.0,0.6403086839999997
Hungary,0.0014711019999999,0.0014711019999999,0.0,0.0014711019999999,0.0,0.0014711019999999
Hungary,0.0990017,0.0990017,0.0,0.0990017,0.0,0.0990017
Hungary,0.103878578,0.103878578,0.0,0.103878578,0.0,0.103878578
Hungary,0.35135060699999965,0.35135060699999965,0.0,0.0,0.35135060699999965,0.35135060699999965
Hungary,0.5004743989999999,0.5004743989999999,0.0,0.5004743989999999,0.0,0.5004743989999999
Hungary,1.1218471499999996,1.1218471499999996,0.0,1.1218471499999996,0.0,1.1218471499999996
Iceland,0.0,1.15369,1.15369,0.0,0.0,1.15369
Iceland,0.0,3.1316163999999995,3.1316163999999995,0.0,0.0,3.1316163999999995
Iceland,0.0,3.5550921999999994,3.5550921999999994,0.0,0.0,3.5550921999999994
Iceland,0.499081,0.499081,0.0,0.499081,0.0,0.499081
Iceland,1.4909572499999997,1.4909572499999997,0.0,1.4909572499999997,0.0,1.4909572499999997
Iceland,2.037466069999999,2.037466069999999,0.0,0.0,2.037466069999999,2.037466069999999
Iceland,17.047724999999996,17.047724999999996,0.0,17.047724999999996,0.0,17.047724999999996
Ireland,0.0,0.1069605,0.1069605,0.0,0.0,0.1069605
Ireland,0.0,1.4352757569999999,1.4352757569999999,0.0,0.0,1.4352757569999999
Ireland,0.0,5.685565802999999,5.685565802999999,0.0,0.0,5.685565802999999
Ireland,0.0,10.18511987,10.18511987,0.0,0.0,10.18511987
Ireland,0.0674982,0.0674982,0.0,0.0674982,0.0,0.0674982
Ireland,0.0895547999999998,0.0895547999999998,0.0,0.0895547999999998,0.0,0.0895547999999998
Ireland,0.19186599999999998,0.19186599999999998,0.0,0.19186599999999998,0.0,0.19186599999999998
Ireland,0.76395213,0.76395213,0.0,0.76395213,0.0,0.76395213
Ireland,5.964429374999999,5.964429374999999,0.0,5.964429374999999,0.0,5.964429374999999
Ireland,57.710916229999995,57.710916229999995,0.0,0.0,57.710916229999995,57.710916229999995
Italy,0.0,7.41758286,7.41758286,0.0,0.0,7.41758286
Italy,0.0,27.773336002999997,27.773336002999997,0.0,0.0,27.773336002999997
Italy,0.0,61.33320769399999,61.33320769399999,0.0,0.0,61.33320769399999
Italy,0.0,81.77453759799998,81.77453759799998,0.0,0.0,81.77453759799998
Italy,0.03752187,0.03752187,0.0,0.03752187,0.0,0.03752187
Italy,0.1509934,0.1509934,0.0,0.1509934,0.0,0.1509934
Italy,1.5498650500000002,1.5498650500000002,0.0,1.5498650500000002,0.0,1.5498650500000002
Italy,3.0917776999999997,3.0917776999999997,0.0,3.0917776999999997,0.0,3.0917776999999997
Italy,6.062694322400001,6.062694322400001,0.0,6.062694322400001,0.0,6.062694322400001
Italy,11.272364650000002,11.272364650000002,0.0,11.272364650000002,0.0,11.272364650000002
Italy,17.469758061999997,17.469758061999997,0.0,17.469758061999997,0.0,17.469758061999997
Italy,57.61940067799999,57.61940067799999,0.0,57.61940067799999,0.0,57.61940067799999
Italy,161.43335077270004,161.43335077270004,0.0,0.0,161.43335077270004,161.43335077270004
Japan,0.0,107.0674796,107.0674796,0.0,0.0,107.0674796
Japan,0.0,111.9452907,111.9452907,0.0,0.0,111.9452907
Japan,0.0,173.97593410000002,173.97593410000002,0.0,0.0,173.97593410000002
Japan,0.0,1926.7552468400004,1926.7552468400004,0.0,0.0,1926.7552468400004
Japan,1.0249097999999999,1.0249097999999999,0.0,1.0249097999999999,0.0,1.0249097999999999
Japan,18.632918,18.632918,0.0,18.632918,0.0,18.632918
Japan,61.994031,61.994031,0.0,61.994031,0.0,61.994031
Japan,229.925987,229.925987,0.0,229.925987,0.0,229.925987
Japan,243.18921699999999,243.18921699999999,0.0,243.18921699999999,0.0,243.18921699999999
Japan,260.282826,260.282826,0.0,260.282826,0.0,260.282826
Japan,419.0579199,419.0579199,0.0,419.0579199,0.0,419.0579199
Japan,469.2197418,469.2197418,0.0,469.2197418,0.0,469.2197418
Japan,666.4104277,666.4104277,0.0,0.0,666.4104277,666.4104277
Kazakhstan,0.0,2.1037601499999994,2.1037601499999994,0.0,0.0,2.1037601499999994
Kazakhstan,0.534177,0.534177,0.0,0.0,0.534177,0.534177
Korea,0.0,0.124524,0.124524,0.0,0.0,0.124524
Korea,0.0,41.418611000000006,41.418611000000006,0.0,0.0,41.418611000000006
Korea,0.0,84.50378799999999,84.50378799999999,0.0,0.0,84.50378799999999
Korea,0.0,93.05245299999996,93.05245299999996,0.0,0.0,93.05245299999996
Korea,1.3853874,1.3853874,0.0,1.3853874,0.0,1.3853874
Korea,6.45238,6.45238,0.0,6.45238,0.0,6.45238
Korea,7.5534700000000035,7.5534700000000035,0.0,7.5534700000000035,0.0,7.5534700000000035
Korea,35.401136,35.401136,0.0,35.401136,0.0,35.401136
Korea,68.22394700000001,68.22394700000001,0.0,68.22394700000001,0.0,68.22394700000001
Korea,68.90336,68.90336,0.0,68.90336,0.0,68.90336
Korea,90.68350699999999,90.68350699999999,0.0,90.68350699999999,0.0,90.68350699999999
Korea,112.95307699999998,112.95307699999998,0.0,0.0,112.95307699999998,112.95307699999998
Kuwait,0.0,0.0,0.0,0.0,0.0,0.0
Kuwait,0.0,0.0982034,0.0982034,0.0,0.0,0.0982034
Kuwait,0.0,0.457705,0.457705,0.0,0.0,0.457705
Kuwait,0.0700512,0.0700512,0.0,0.0700512,0.0,0.0700512
Kuwait,0.0815634,0.0815634,0.0,0.0815634,0.0,0.0815634
Kuwait,0.3022289999999999,0.3022289999999999,0.0,0.0,0.3022289999999999,0.3022289999999999
Kuwait,30.0872361,30.0872361,0.0,30.0872361,0.0,30.0872361
Kuwait,53.506,53.506,0.0,53.506,0.0,53.506
Latvia,0.0,0.02386063,0.02386063,0.0,0.0,0.02386063
Latvia,0.0,0.09296755,0.09296755,0.0,0.0,0.09296755
Latvia,0.00368297,0.00368297,0.0,0.00368297,0.0,0.00368297
Lithuania,0.0,0.0456318,0.0456318,0.0,0.0,0.0456318
Lithuania,0.0,0.0468063769999999,0.0468063769999999,0.0,0.0,0.0468063769999999
Lithuania,0.0,0.1651795873999996,0.1651795873999996,0.0,0.0,0.1651795873999996
Lithuania,0.0,0.2173052784999995,0.2173052784999995,0.0,0.0,0.2173052784999995
Lithuania,0.00651222,0.00651222,0.0,0.00651222,0.0,0.00651222
Lithuania,0.0674123999999999,0.0674123999999999,0.0,0.0674123999999999,0.0,0.0674123999999999
Lithuania,0.4449614739999996,0.4449614739999996,0.0,0.4449614739999996,0.0,0.4449614739999996
Lithuania,0.576217414,0.576217414,0.0,0.0,0.576217414,0.576217414
Lithuania,0.74884149,0.74884149,0.0,0.74884149,0.0,0.74884149
Luxembourg,0.0,0.0660991,0.0660991,0.0,0.0,0.0660991
Luxembourg,0.0,0.9558136099999996,0.9558136099999996,0.0,0.0,0.9558136099999996
Luxembourg,0.0,2.6311695299999998,2.6311695299999998,0.0,0.0,2.6311695299999998
Luxembourg,0.0,47.58082644699999,47.58082644699999,0.0,0.0,47.58082644699999
Luxembourg,0.00813999,0.00813999,0.0,0.00813999,0.0,0.00813999
Luxembourg,0.04013878,0.04013878,0.0,0.04013878,0.0,0.04013878
Luxembourg,0.1734244999999999,0.1734244999999999,0.0,0.1734244999999999,0.0,0.1734244999999999
Luxembourg,0.2249907,0.2249907,0.0,0.2249907,0.0,0.2249907
Luxembourg,5.343285400000001,5.343285400000001,0.0,5.343285400000001,0.0,5.343285400000001
Luxembourg,10.4665805,10.4665805,0.0,0.0,10.4665805,10.4665805
Netherlands,0.0,0.517633,0.517633,0.0,0.0,0.517633
Netherlands,0.0,17.48301755,17.48301755,0.0,0.0,17.48301755
Netherlands,0.0,19.47412473,19.47412473,0.0,0.0,19.47412473
Netherlands,0.0,373.79475397000004,373.79475397000004,0.0,0.0,373.79475397000004
Netherlands,2.2309710000000003,2.2309710000000003,0.0,2.2309710000000003,0.0,2.2309710000000003
Netherlands,20.372985,20.372985,0.0,20.372985,0.0,20.372985
Netherlands,22.040200650000003,22.040200650000003,0.0,22.040200650000003,0.0,22.040200650000003
Netherlands,35.739101000000005,35.739101000000005,0.0,35.739101000000005,0.0,35.739101000000005
Netherlands,79.61518551,79.61518551,0.0,79.61518551,0.0,79.61518551
Netherlands,157.95214858999998,157.95214858999998,0.0,0.0,157.95214858999998,157.95214858999998
New Zealand,0.0,0.0902641,0.0902641,0.0,0.0,0.0902641
New Zealand,0.0,2.769916,2.769916,0.0,0.0,2.769916
New Zealand,0.0,3.3493574400000004,3.3493574400000004,0.0,0.0,3.3493574400000004
New Zealand,0.0,6.43075921,6.43075921,0.0,0.0,6.43075921
New Zealand,0.25642,0.25642,0.0,0.25642,0.0,0.25642
New Zealand,1.2396056,1.2396056,0.0,1.2396056,0.0,1.2396056
New Zealand,1.585044,1.585044,0.0,1.585044,0.0,1.585044
New Zealand,4.236352,4.236352,0.0,4.236352,0.0,4.236352
New Zealand,5.992392000000001,5.992392000000001,0.0,5.992392000000001,0.0,5.992392000000001
New Zealand,15.728799659999996,15.728799659999996,0.0,15.728799659999996,0.0,15.728799659999996
New Zealand,34.386647260000004,34.386647260000004,0.0,34.386647260000004,0.0,34.386647260000004
New Zealand,42.27396977,42.27396977,0.0,0.0,42.27396977,42.27396977
Norway,0.0,39.692569899999995,39.692569899999995,0.0,0.0,39.692569899999995
Norway,0.0,115.898502672,115.898502672,0.0,0.0,115.898502672
Norway,0.0,253.84025047,253.84025047,0.0,0.0,253.84025047
Norway,0.0,579.00734511,579.00734511,0.0,0.0,579.00734511
Norway,0.29562069999999985,0.29562069999999985,0.0,0.29562069999999985,0.0,0.29562069999999985
Norway,0.33206,0.33206,0.0,0.33206,0.0,0.33206
Norway,0.39099329999999977,0.39099329999999977,0.0,0.39099329999999977,0.0,0.39099329999999977
Norway,7.3873649,7.3873649,0.0,7.3873649,0.0,7.3873649
Norway,18.1554571,18.1554571,0.0,18.1554571,0.0,18.1554571
Norway,37.99130584,37.99130584,0.0,37.99130584,0.0,37.99130584
Norway,52.61709842,52.61709842,0.0,52.61709842,0.0,52.61709842
Norway,109.95919045974497,109.95919045974497,0.0,109.95919045974497,0.0,109.95919045974497
Norway,439.73184572000014,439.73184572000014,0.0,0.0,439.73184572000014,439.73184572000014
Norway,660.75342303983,660.75342303983,0.0,660.75342303983,0.0,660.75342303983
Poland,0.0,0.0376223,0.0376223,0.0,0.0,0.0376223
Poland,0.0,0.1058879709999998,0.1058879709999998,0.0,0.0,0.1058879709999998
Poland,0.0,0.8093685269999992,0.8093685269999992,0.0,0.0,0.8093685269999992
Poland,0.0,1.3654088699999996,1.3654088699999996,0.0,0.0,1.3654088699999996
Poland,0.300711,0.300711,0.0,0.300711,0.0,0.300711
Poland,0.3373545999999999,0.3373545999999999,0.0,0.3373545999999999,0.0,0.3373545999999999
Poland,0.33935663999999993,0.33935663999999993,0.0,0.33935663999999993,0.0,0.33935663999999993
Poland,1.08083928,1.08083928,0.0,1.08083928,0.0,1.08083928
Poland,1.7117596,1.7117596,0.0,1.7117596,0.0,1.7117596
Poland,57.933451276,57.933451276,0.0,0.0,57.933451276,57.933451276
Portugal,0.0,1.0729342999999996,1.0729342999999996,0.0,0.0,1.0729342999999996
Portugal,0.0,2.228576188,2.228576188,0.0,0.0,2.228576188
Portugal,0.0,3.0429723699999993,3.0429723699999993,0.0,0.0,3.0429723699999993
Portugal,0.0,3.1702765399999993,3.1702765399999993,0.0,0.0,3.1702765399999993
Portugal,0.31793649999999984,0.31793649999999984,0.0,0.31793649999999984,0.0,0.31793649999999984
Portugal,0.43672754,0.43672754,0.0,0.43672754,0.0,0.43672754
Portugal,0.4484561,0.4484561,0.0,0.4484561,0.0,0.4484561
Portugal,1.9711362000000001,1.9711362000000001,0.0,1.9711362000000001,0.0,1.9711362000000001
Portugal,2.3266422999999996,2.3266422999999996,0.0,2.3266422999999996,0.0,2.3266422999999996
Portugal,5.455680866799999,5.455680866799999,0.0,0.0,5.455680866799999,5.455680866799999
Romania,0.0,0.0023972,0.0023972,0.0,0.0,0.0023972
Romania,0.0,0.08016722000000001,0.08016722000000001,0.0,0.0,0.08016722000000001
Romania,0.0,0.20827489999999999,0.20827489999999999,0.0,0.0,0.20827489999999999
Romania,0.0,0.4940191679999999,0.4940191679999999,0.0,0.0,0.4940191679999999
Romania,0.0334078,0.0334078,0.0,0.0334078,0.0,0.0334078
Romania,0.0961659,0.0961659,0.0,0.0961659,0.0,0.0961659
Romania,0.1543847,0.1543847,0.0,0.1543847,0.0,0.1543847
Romania,0.2064207,0.2064207,0.0,0.2064207,0.0,0.2064207
Romania,0.2269252599999998,0.2269252599999998,0.0,0.0,0.2269252599999998,0.2269252599999998
Saudi Arabia,0.0,0.0,0.0,0.0,0.0,0.0
Saudi Arabia,0.0,5.247702,5.247702,0.0,0.0,5.247702
Saudi Arabia,2.975,2.975,0.0,0.0,2.975,2.975
Saudi Arabia,5.584072,5.584072,0.0,5.584072,0.0,5.584072
Saudi Arabia,37.331507,37.331507,0.0,37.331507,0.0,37.331507
Slovak Republic,0.0,0.03900000000000001,0.03900000000000001,0.0,0.0,0.03900000000000001
Slovak Republic,0.0,0.0851199999999998,0.0851199999999998,0.0,0.0,0.0851199999999998
Slovak Republic,0.0,0.1863799999999997,0.1863799999999997,0.0,0.0,0.1863799999999997
Slovak Republic,0.0,1.5813399999999997,1.5813399999999997,0.0,0.0,1.5813399999999997
Slovak Republic,0.00724,0.00724,0.0,0.00724,0.0,0.00724
Slovak Republic,0.0799,0.0799,0.0,0.0799,0.0,0.0799
Slovak Republic,0.22458,0.22458,0.0,0.22458,0.0,0.22458
Slovak Republic,0.24377999999999977,0.24377999999999977,0.0,0.24377999999999977,0.0,0.24377999999999977
Slovak Republic,0.24728,0.24728,0.0,0.24728,0.0,0.24728
Slovak Republic,0.2686799999999997,0.2686799999999997,0.0,0.0,0.2686799999999997,0.2686799999999997
Slovenia,0.0,0.0007740789999999,0.0007740789999999,0.0,0.0,0.0007740789999999
Slovenia,0.0,0.00727639,0.00727639,0.0,0.0,0.00727639
Slovenia,0.0,0.04010402,0.04010402,0.0,0.0,0.04010402
Slovenia,0.0,0.0781584,0.0781584,0.0,0.0,0.0781584
Slovenia,0.0129601,0.0129601,0.0,0.0,0.0129601,0.0129601
Spain,0.0,3.6275426489999996,3.6275426489999996,0.0,0.0,3.6275426489999996
Spain,0.0,4.417917410499999,4.417917410499999,0.0,0.0,4.417917410499999
Spain,0.0,27.3119092892,27.3119092892,0.0,0.0,27.3119092892
Spain,0.0,70.65070643909999,70.65070643909999,0.0,0.0,70.65070643909999
Spain,0.0069025,0.0069025,0.0,0.0069025,0.0,0.0069025
Spain,0.2262441939999999,0.2262441939999999,0.0,0.2262441939999999,0.0,0.2262441939999999
Spain,0.34099638,0.34099638,0.0,0.34099638,0.0,0.34099638
Spain,0.89935367,0.89935367,0.0,0.89935367,0.0,0.89935367
Spain,0.9959491616999999,0.9959491616999999,0.0,0.9959491616999999,0.0,0.9959491616999999
Spain,1.1192949953999998,1.1192949953999998,0.0,1.1192949953999998,0.0,1.1192949953999998
Spain,1.43870969,1.43870969,0.0,1.43870969,0.0,1.43870969
Spain,5.4463997597999985,5.4463997597999985,0.0,5.4463997597999985,0.0,5.4463997597999985
Spain,21.537489798899994,21.537489798899994,0.0,21.537489798899994,0.0,21.537489798899994
Spain,91.2865274199999,91.2865274199999,0.0,0.0,91.2865274199999,91.2865274199999
Sweden,0.0,29.216418930000003,29.216418930000003,0.0,0.0,29.216418930000003
Sweden,0.0,64.9355435886,64.9355435886,0.0,0.0,64.9355435886
Sweden,0.0,218.90477398099998,218.90477398099998,0.0,0.0,218.90477398099998
Sweden,0.0,270.25784573,270.25784573,0.0,0.0,270.25784573
Sweden,0.0440606,0.0440606,0.0,0.0440606,0.0,0.0440606
Sweden,2.6499740000000003,2.6499740000000003,0.0,2.6499740000000003,0.0,2.6499740000000003
Sweden,2.7046536000000003,2.7046536000000003,0.0,2.7046536000000003,0.0,2.7046536000000003
Sweden,6.914371900000001,6.914371900000001,0.0,6.914371900000001,0.0,6.914371900000001
Sweden,10.80350002,10.80350002,0.0,10.80350002,0.0,10.80350002
Sweden,18.694302099999998,18.694302099999998,0.0,18.694302099999998,0.0,18.694302099999998
Sweden,32.56471582,32.56471582,0.0,32.56471582,0.0,32.56471582
Sweden,46.90032594,46.90032594,0.0,46.90032594,0.0,46.90032594
Sweden,180.1639908476,180.1639908476,0.0,180.1639908476,0.0,180.1639908476
Sweden,486.758333475,486.758333475,0.0,0.0,486.758333475,486.758333475
Switzerland,0.0,17.953346079,17.953346079,0.0,0.0,17.953346079
Switzerland,0.0,18.046155629999998,18.046155629999998,0.0,0.0,18.046155629999998
Switzerland,0.0,115.94357219299997,115.94357219299997,0.0,0.0,115.94357219299997
Switzerland,0.0,273.5140692617,273.5140692617,0.0,0.0,273.5140692617
Switzerland,3.1970105279999994,3.1970105279999994,0.0,3.1970105279999994,0.0,3.1970105279999994
Switzerland,15.189254043,15.189254043,0.0,15.189254043,0.0,15.189254043
Switzerland,28.01762501,28.01762501,0.0,28.01762501,0.0,28.01762501
Switzerland,43.985223051,43.985223051,0.0,43.985223051,0.0,43.985223051
Switzerland,66.47860981,66.47860981,0.0,66.47860981,0.0,66.47860981
Switzerland,111.83552099945999,111.83552099945999,0.0,111.83552099945999,0.0,111.83552099945999
Switzerland,366.65170648595307,366.65170648595307,0.0,0.0,366.65170648595307,366.65170648595307
Turkey,0.0,0.018410000000000003,0.018410000000000003,0.0,0.0,0.018410000000000003
Turkey,0.13858,0.13858,0.0,0.13858,0.0,0.13858
United Arab Emirates,0.0,0.0,0.0,0.0,0.0,0.0
United Arab Emirates,0.0,0.11148000000000001,0.11148000000000001,0.0,0.0,0.11148000000000001
United Arab Emirates,0.0,0.7685356399999999,0.7685356399999999,0.0,0.0,0.7685356399999999
United Arab Emirates,0.0,2.8250240000000004,2.8250240000000004,0.0,0.0,2.8250240000000004
United Arab Emirates,0.0,5.317411,5.317411,0.0,0.0,5.317411
United Arab Emirates,0.11,0.11,0.0,0.11,0.0,0.11
United Arab Emirates,0.18767,0.18767,0.0,0.18767,0.0,0.18767
United Arab Emirates,0.23373,0.23373,0.0,0.23373,0.0,0.23373
United Arab Emirates,0.44406,0.44406,0.0,0.44406,0.0,0.44406
United Arab Emirates,10.413360199999998,10.413360199999998,0.0,0.0,10.413360199999998,10.413360199999998
United Arab Emirates,57.252842199999996,57.252842199999996,0.0,57.252842199999996,0.0,57.252842199999996
United Arab Emirates,132.36528,132.36528,0.0,132.36528,0.0,132.36528
United Kingdom,0.0,53.453390847,53.453390847,0.0,0.0,53.453390847
United Kingdom,0.0,89.06858205699996,89.06858205699996,0.0,0.0,89.06858205699996
United Kingdom,0.0,243.47401214400008,243.47401214400008,0.0,0.0,243.47401214400008
United Kingdom,0.0,652.1618389036,652.1618389036,0.0,0.0,652.1618389036
United Kingdom,0.6430794,0.6430794,0.0,0.6430794,0.0,0.6430794
United Kingdom,3.391238,3.391238,0.0,3.391238,0.0,3.391238
United Kingdom,6.5744354099999995,6.5744354099999995,0.0,6.5744354099999995,0.0,6.5744354099999995
United Kingdom,8.09580246,8.09580246,0.0,8.09580246,0.0,8.09580246
United Kingdom,38.440601769,38.440601769,0.0,38.440601769,0.0,38.440601769
United Kingdom,89.5477634018,89.5477634018,0.0,89.5477634018,0.0,89.5477634018
United Kingdom,142.439589354,142.439589354,0.0,142.439589354,0.0,142.439589354
United Kingdom,760.3989949589999,760.3989949589999,0.0,760.3989949589999,0.0,760.3989949589999
United Kingdom,851.9983187142002,851.9983187142002,0.0,851.9983187142002,0.0,851.9983187142002
United Kingdom,2730.90647871926,2730.90647871926,0.0,0.0,2730.90647871926,2730.90647871926
United States,0.0,119.833561,119.833561,0.0,0.0,119.833561
United States,0.0,413.16739800000005,413.16739800000005,0.0,0.0,413.16739800000005
United States,0.0,619.456221,619.456221,0.0,0.0,619.456221
United States,0.0,744.2013820000001,744.2013820000001,0.0,0.0,744.2013820000001
United States,0.014369,0.014369,0.0,0.014369,0.0,0.014369
United States,2.718584,2.718584,0.0,2.718584,0.0,2.718584
United States,9.919995999999998,9.919995999999998,0.0,9.919995999999998,0.0,9.919995999999998
United States,29.384710000000002,29.384710000000002,0.0,29.384710000000002,0.0,29.384710000000002
United States,50.44967000000001,50.44967000000001,0.0,50.44967000000001,0.0,50.44967000000001
United States,115.804946,115.804946,0.0,115.804946,0.0,115.804946
United States,244.666936,244.666936,0.0,244.666936,0.0,244.666936
United States,464.00407600000005,464.00407600000005,0.0,464.00407600000005,0.0,464.00407600000005
United States,566.1907390000002,566.1907390000002,0.0,566.1907390000002,0.0,566.1907390000002
United States,1281.330668,1281.330668,0.0,0.0,1281.330668,1281.330668
